-- MySQL dump of database 'fa24' on host 'localhost'
-- Backup Date and Time: 2017-11-23 14:14+0530
-- Built by FrontAccounting 2.4.3
-- http://frontaccounting.com
-- Company: Training Co.

-- Compatibility: 2.4.1

-- --------------------------------------------------------

SET NAMES latin1;

-- --------------------------------------------------------

--
-- Table structure for table `0_areas`
--

DROP TABLE IF EXISTS `0_areas`;
CREATE TABLE IF NOT EXISTS `0_areas` (
  `area_code` int(11) NOT NULL auto_increment,
  `description` varchar(60) NOT NULL default '',
  `inactive` tinyint(1) NOT NULL default '0',
  PRIMARY KEY (`area_code`),
  UNIQUE KEY `description` (`description`)
) ENGINE=InnoDB ;

--
-- Dumping data for table `0_areas`
--

INSERT INTO `0_areas` VALUES
('1', 'Global', '0');

-- --------------------------------------------------------

--
-- Table structure for table `0_attachments`
--

DROP TABLE IF EXISTS `0_attachments`;
CREATE TABLE IF NOT EXISTS `0_attachments` (
  `id` int(11) unsigned NOT NULL auto_increment,
  `description` varchar(60) NOT NULL default '',
  `type_no` int(11) NOT NULL default '0',
  `trans_no` int(11) NOT NULL default '0',
  `unique_name` varchar(60) NOT NULL default '',
  `tran_date` date NOT NULL default '0000-00-00',
  `filename` varchar(60) NOT NULL default '',
  `filesize` int(11) NOT NULL default '0',
  `filetype` varchar(60) NOT NULL default '',
  PRIMARY KEY (`id`),
  KEY `type_no` (`type_no`,`trans_no`)
) ENGINE=InnoDB ;

--
-- Dumping data for table `0_attachments`
--

-- --------------------------------------------------------

--
-- Table structure for table `0_audit_trail`
--

DROP TABLE IF EXISTS `0_audit_trail`;
CREATE TABLE IF NOT EXISTS `0_audit_trail` (
  `id` int(11) NOT NULL auto_increment,
  `type` smallint(6) unsigned NOT NULL default '0',
  `trans_no` int(11) unsigned NOT NULL default '0',
  `user` smallint(6) unsigned NOT NULL default '0',
  `stamp` timestamp NOT NULL DEFAULT CURRENT_TIMESTAMP,
  `description` varchar(60) default NULL,
  `fiscal_year` int(11) NOT NULL default 0,
  `gl_date` date NOT NULL default '0000-00-00',
  `gl_seq` int(11) unsigned default NULL,
  PRIMARY KEY (`id`),
  KEY `Seq` (`fiscal_year`,`gl_date`,`gl_seq`),
  KEY `Type_and_Number` (`type`,`trans_no`)
) ENGINE=InnoDB ;

--
-- Dumping data for table `0_audit_trail`
--

-- --------------------------------------------------------

--
-- Table structure for table `0_bank_accounts`
--

DROP TABLE IF EXISTS `0_bank_accounts`;
CREATE TABLE IF NOT EXISTS `0_bank_accounts` (
  `account_code` varchar(15) NOT NULL default '',
  `account_type` smallint(6) NOT NULL default '0',
  `bank_account_name` varchar(60) NOT NULL default '',
  `bank_account_number` varchar(100) NOT NULL default '',
  `bank_name` varchar(60) NOT NULL default '',
  `bank_address` tinytext,
  `bank_curr_code` char(3) NOT NULL default '',
  `dflt_curr_act` tinyint(1) NOT NULL default '0',
  `id` smallint(6) NOT NULL auto_increment,
  `bank_charge_act` varchar(15) NOT NULL default '',
  `last_reconciled_date` timestamp NOT NULL default '0000-00-00 00:00:00',
  `ending_reconcile_balance` double NOT NULL default '0',
  `inactive` tinyint(1) NOT NULL default '0',
  PRIMARY KEY (`id`),
  KEY `bank_account_name` (`bank_account_name`),
  KEY `bank_account_number` (`bank_account_number`),
  KEY `account_code` (`account_code`)
) ENGINE=InnoDB ;

--
-- Dumping data for table `0_bank_accounts`
--

INSERT INTO `0_bank_accounts` VALUES
('1200', '0', 'Current account', '1234-5678-90', 'Bank of the Philippine Islands', 'Malolos Highway', 'PHP', '0', '1', '9450', '0000-00-00 00:00:00', '0', '0'),
('1100', '3', 'Petty Cash account', 'N/A', 'N/A', NULL, 'PHP', '0', '2', '9450', '0000-00-00 00:00:00', '0', '0');

-- --------------------------------------------------------

--
-- Table structure for table `0_bank_trans`
--

DROP TABLE IF EXISTS `0_bank_trans`;
CREATE TABLE IF NOT EXISTS `0_bank_trans` (
  `id` int(11) NOT NULL auto_increment,
  `type` smallint(6) default NULL,
  `trans_no` int(11) default NULL,
  `bank_act` varchar(15) NOT NULL default '',
  `ref` varchar(40) default NULL,
  `trans_date` date NOT NULL default '0000-00-00',
  `amount` double default NULL,
  `dimension_id` int(11) NOT NULL default '0',
  `dimension2_id` int(11) NOT NULL default '0',
  `person_type_id` int(11) NOT NULL default '0',
  `person_id` tinyblob,
  `reconciled` date default NULL,
  PRIMARY KEY (`id`),
  KEY `bank_act` (`bank_act`,`ref`),
  KEY `type` (`type`,`trans_no`),
  KEY `bank_act_2` (`bank_act`,`reconciled`),
  KEY `bank_act_3` (`bank_act`,`trans_date`)
) ENGINE=InnoDB ;

--
-- Dumping data for table `0_bank_trans`
--

-- --------------------------------------------------------

--
-- Table structure for table `0_bom`
--

DROP TABLE IF EXISTS `0_bom`;
CREATE TABLE IF NOT EXISTS `0_bom` (
  `id` int(11) NOT NULL auto_increment,
  `parent` char(20) NOT NULL default '',
  `component` char(20) NOT NULL default '',
  `workcentre_added` int(11) NOT NULL default '0',
  `loc_code` char(5) NOT NULL default '',
  `quantity` double NOT NULL default '1',
  PRIMARY KEY (`parent`,`component`,`workcentre_added`,`loc_code`),
  KEY `component` (`component`),
  KEY `id` (`id`),
  KEY `loc_code` (`loc_code`),
  KEY `parent` (`parent`,`loc_code`),
  KEY `workcentre_added` (`workcentre_added`)
) ENGINE=InnoDB ;

--
-- Dumping data for table `0_bom`
--

-- --------------------------------------------------------

--
-- Table structure for table `0_budget_trans`
--

DROP TABLE IF EXISTS `0_budget_trans`;
CREATE TABLE IF NOT EXISTS `0_budget_trans` (
  `id` int(11) NOT NULL auto_increment,
  `tran_date` date NOT NULL default '0000-00-00',
  `account` varchar(15) NOT NULL default '',
  `memo_` tinytext NOT NULL,
  `amount` double NOT NULL default '0',
  `dimension_id` int(11) default '0',
  `dimension2_id` int(11) default '0',
  PRIMARY KEY (`id`),
  KEY `Account` (`account`,`tran_date`,`dimension_id`,`dimension2_id`)
) ENGINE=InnoDB ;

--
-- Dumping data for table `0_budget_trans`
--

-- --------------------------------------------------------

--
-- Table structure for table `0_chart_class`
--

DROP TABLE IF EXISTS `0_chart_class`;
CREATE TABLE IF NOT EXISTS `0_chart_class` (
  `cid` varchar(3) NOT NULL,
  `class_name` varchar(60) NOT NULL default '',
  `ctype` tinyint(1) NOT NULL default '0',
  `inactive` tinyint(1) NOT NULL default '0',
  PRIMARY KEY (`cid`)
) ENGINE=InnoDB ;

--
-- Dumping data for table `0_chart_class`
--

INSERT INTO `0_chart_class` VALUES
('1', 'Assets', '1', '0'),
('2', 'Liabilities', '2', '0'),
('3', 'Income', '4', '0'),
('4', 'Costs &amp; Expenses', '6', '0'),
('5', 'Equity', '3', '0');

-- --------------------------------------------------------

--
-- Table structure for table `0_chart_master`
--

DROP TABLE IF EXISTS `0_chart_master`;
CREATE TABLE IF NOT EXISTS `0_chart_master` (
  `account_code` varchar(15) NOT NULL default '',
  `account_code2` varchar(15) NOT NULL default '',
  `account_name` varchar(60) NOT NULL default '',
  `account_type` varchar(10) NOT NULL default '0',
  `inactive` tinyint(1) NOT NULL default '0',
  PRIMARY KEY (`account_code`),
  KEY `account_name` (`account_name`),
  KEY `accounts_by_type` (`account_type`,`account_code`)
) ENGINE=InnoDB ;

--
-- Dumping data for table `0_chart_master`
--

INSERT INTO `0_chart_master` VALUES
('1100', '', 'Petty Cash', '1', '0'),
('1200', '', 'Current Account', '1', '0'),
('1400', '', 'Savings Account', '1', '0'),
('1500', '', 'Special Deposits/Marketable Securities', '1', '0'),
('2000', '', 'Accounts Receivable', '1', '0'),
('2099', '', 'Allowance for Doubtful Accounts', '1', '0'),
('3000', '', 'Inventory', '1', '0'),
('3050', '', 'Purchases', '1', '0'),
('3099', '', 'Purchase Discounts and Allowances', '1', '0'),
('3200', '', 'Input VAT', '1', '0'),
('3400', '', 'Prepaid Expenses', '1', '0'),
('3900', '', 'Other Current Assets', '1', '0'),
('4100', '', 'Reall Properties/Land &amp; Building', '2', '0'),
('4199', '', 'Accum. Depreciation - Real Properties', '2', '0'),
('4200', '', 'Machinery &amp; Equipment', '2', '0'),
('4299', '', 'Accum. Depreciation - Machinery &amp; Equipment', '2', '0'),
('4300', '', 'Office Equipment', '2', '0'),
('4399', '', 'Accum. Depreciation - Office Equipment', '2', '0'),
('4400', '', 'Computers and Network Equipment', '2', '0'),
('4499', '', 'Accum. Depreciation - Computers and Network Equipment', '2', '0'),
('4500', '', 'Furniture &amp; Fixtures', '2', '0'),
('4599', '', 'Accum. Depreciation - Furnitures &amp; Fixtures', '2', '0'),
('4600', '', 'Leasehold Improvements', '2', '0'),
('4699', '', 'Accum. Depreciation - Leasehold Improvements', '2', '0'),
('4700', '', 'Transportation &amp; Delivery Equipment', '2', '0'),
('4799', '', 'Accum. Depreciation - Transportation &amp; Delivery', '2', '0'),
('4800', '', 'Softwares and Intangibles', '2', '0'),
('4899', '', 'Accum. Depreciation - Softwares &amp; Intangibles', '2', '0'),
('4900', '', 'Other Assets', '3', '0'),
('5020', '', 'Accounts Payable', '4', '0'),
('5040', '', 'Compensation Withholding Taxes Payable', '4', '0'),
('5060', '', 'Expanded Withholding Taxes Payable', '4', '0'),
('5080', '', 'Output VAT Payable', '4', '0'),
('5100', '', 'SSS Premiums Payable', '4', '0'),
('5120', '', 'SSS Loans Payable', '4', '0'),
('5140', '', 'Pagibig Premiums Payable', '4', '0'),
('5160', '', 'Pagibig Loans Payable', '4', '0'),
('5180', '', 'Philhealth Premiums Payable', '4', '0'),
('5300', '', 'Accrued Expenses', '4', '0'),
('5320', '', 'Advances from Shareholders', '4', '0'),
('5340', '', 'Advances from Officers and Employees', '4', '0'),
('5360', '', 'Advances from Customers', '4', '0'),
('5370', '', 'Short Term Loans', '4', '0'),
('5380', '', 'Advances from Others', '4', '0'),
('5390', '', 'Other Current Liabilities', '4', '0'),
('5400', '', 'Dividends Payable', '4', '0'),
('5500', '', 'Long Term Loans', '5', '0'),
('5900', '', 'Other Long Term Liabilities', '5', '0'),
('6100', '', 'Paid Up Capital', '6', '0'),
('6200', '', 'Additional Paid Up Capital', '6', '0'),
('6400', '', 'Deposits for Future Stock Subscription', '6', '0'),
('6499', '', 'Treasury Stocks', '6', '0'),
('6900', '', 'Retained Earnings', '6', '0'),
('7100', '', 'Gross Sales of Goods', '7', '0'),
('7200', '', 'Gross Sales of Properties', '7', '0'),
('7300', '', 'Gross Sales of Services', '7', '0'),
('7400', '', 'Sales Price Variance', '7', '0'),
('7800', '', 'Sales Discounts &amp; Allowances', '7', '0'),
('7900', '', 'Sales Returns', '7', '0'),
('8100', '', 'Costs of Goods Sold', '8', '0'),
('8200', '', 'Cost of Properties', '8', '0'),
('8300', '', 'Cost of Services', '8', '0'),
('8400', '', 'Direct Labor', '8', '0'),
('8500', '', 'Direct Materials and Supplies', '8', '0'),
('8600', '', 'Direct Transportation and Freight', '8', '0'),
('8700', '', 'Purchase Price Variance', '8', '0'),
('8950', '', 'Other Direct Costs', '8', '0'),
('9030', '', 'Salaries and Wages', '9', '0'),
('9060', '', 'Fringe Benefits', '9', '0'),
('9090', '', 'SSS, Philhealth, HDMF &amp; Other Contributions', '9', '0'),
('9120', '', 'Commissions', '9', '0'),
('9150', '', 'Outside Services', '9', '0'),
('9180', '', 'Advertising &amp; Marketing Expenses', '9', '0'),
('9210', '', 'Rental &amp; Leases', '9', '0'),
('9240', '', 'Insurance', '9', '0'),
('9270', '', 'Royalties', '9', '0'),
('9300', '', 'Representation and Entertainment', '9', '0'),
('9330', '', 'Transportation and Travel', '9', '0'),
('9360', '', 'Fuel and Oil', '9', '0'),
('9390', '', 'Communications, Light and Water', '9', '0'),
('9420', '', 'Supplies', '9', '0'),
('9450', '', 'Interest &amp; Bank Charges', '9', '0'),
('9480', '', 'Taxes and Licenses', '9', '0'),
('9510', '', 'Bad Debts', '9', '0'),
('9540', '', 'Depreciation', '9', '0'),
('9570', '', 'Amortization of Intangibles', '9', '0'),
('9600', '', 'Charitable Contribution', '9', '0'),
('9630', '', 'Research and Development', '9', '0'),
('9660', '', 'Amortization of Pension Trust Contribution', '9', '0'),
('9690', '', 'Repairs and Maintenance', '9', '0'),
('9720', '', 'Miscellaneous', '9', '0'),
('9750', '', 'Foreign Exchange Gain or Loss', '9', '0'),
('9780', '', 'Shipping and Handling', '9', '0'),
('9900', '', 'Capital Gain or Loss on Sale of Property', '9', '0'),
('9930', '', 'Interest Income', '9', '0'),
('9960', '', 'Other Gains or Losses', '9', '0'),
('9990', '', 'Other Income', '9', '0'),
('9999', '', 'Income &amp; Expenses Summary', '9', '0');

--
-- Table structure for table `0_chart_types`
--

DROP TABLE IF EXISTS `0_chart_types`;
CREATE TABLE IF NOT EXISTS `0_chart_types` (
  `id` varchar(10) NOT NULL,
  `name` varchar(60) NOT NULL default '',
  `class_id` varchar(3) NOT NULL default '',
  `parent` varchar(10) NOT NULL default '-1',
  `inactive` tinyint(1) NOT NULL default '0',
  PRIMARY KEY (`id`),
  KEY `name` (`name`),
  KEY `class_id` (`class_id`)
) ENGINE=InnoDB ;

--
-- Dumping data for table `0_chart_types`
--

INSERT INTO `0_chart_types` VALUES
('1', 'Current Assets', '1', '', '0'),
('2', 'Capital Assets', '1', '', '0'),
('3', 'Other Assets', '1', '', '0'),
('4', 'Current Liabilities', '2', '', '0'),
('5', 'Long Term Liabilities', '2', '', '0'),
('6', 'Stockholder Equity', '2', '', '0'),
('7', 'Gross Sales/Revenues', '3', '', '0'),
('8', 'Costs of Sales/Services', '4', '', '0'),
('9', 'General &amp; Administrative Expenses', '4', '', '0');

-- --------------------------------------------------------

--
-- Table structure for table `0_comments`
--

DROP TABLE IF EXISTS `0_comments`;
CREATE TABLE IF NOT EXISTS `0_comments` (
  `type` int(11) NOT NULL default '0',
  `id` int(11) NOT NULL default '0',
  `date_` date default '0000-00-00',
  `memo_` tinytext,
  KEY `type_and_id` (`type`,`id`)
) ENGINE=InnoDB ;

--
-- Dumping data for table `0_comments`
--

-- --------------------------------------------------------

--
-- Table structure for table `0_credit_status`
--

DROP TABLE IF EXISTS `0_credit_status`;
CREATE TABLE IF NOT EXISTS `0_credit_status` (
  `id` int(11) NOT NULL auto_increment,
  `reason_description` char(100) NOT NULL default '',
  `dissallow_invoices` tinyint(1) NOT NULL default '0',
  `inactive` tinyint(1) NOT NULL default '0',
  PRIMARY KEY (`id`),
  UNIQUE KEY `reason_description` (`reason_description`)
) ENGINE=InnoDB ;

--
-- Dumping data for table `0_credit_status`
--

INSERT INTO `0_credit_status` VALUES
('1', 'Good History', '0', '0'),
('3', 'No more work until payment received', '1', '0'),
('4', 'In liquidation', '1', '0');

-- --------------------------------------------------------

--
-- Table structure for table `0_crm_categories`
--

DROP TABLE IF EXISTS `0_crm_categories`;
CREATE TABLE IF NOT EXISTS `0_crm_categories` (
  `id` int(11) NOT NULL auto_increment COMMENT 'pure technical key',
  `type` varchar(20) NOT NULL COMMENT 'contact type e.g. customer',
  `action` varchar(20) NOT NULL COMMENT 'detailed usage e.g. department',
  `name` varchar(30) NOT NULL COMMENT 'for category selector',
  `description` tinytext NOT NULL COMMENT 'usage description',
  `system` tinyint(1) NOT NULL default '0' COMMENT 'nonzero for core system usage',
  `inactive` tinyint(1) NOT NULL default '0',
  PRIMARY KEY (`id`),
  UNIQUE KEY `type` (`type`,`action`),
  UNIQUE KEY `type_2` (`type`,`name`)
) ENGINE=InnoDB ;

--
-- Dumping data for table `0_crm_categories`
--

INSERT INTO `0_crm_categories` VALUES
('1', 'cust_branch', 'general', 'General', 'General contact data for customer branch (overrides company setting)', '1', '0'),
('2', 'cust_branch', 'invoice', 'Invoices', 'Invoice posting (overrides company setting)', '1', '0'),
('3', 'cust_branch', 'order', 'Orders', 'Order confirmation (overrides company setting)', '1', '0'),
('4', 'cust_branch', 'delivery', 'Deliveries', 'Delivery coordination (overrides company setting)', '1', '0'),
('5', 'customer', 'general', 'General', 'General contact data for customer', '1', '0'),
('6', 'customer', 'order', 'Orders', 'Order confirmation', '1', '0'),
('7', 'customer', 'delivery', 'Deliveries', 'Delivery coordination', '1', '0'),
('8', 'customer', 'invoice', 'Invoices', 'Invoice posting', '1', '0'),
('9', 'supplier', 'general', 'General', 'General contact data for supplier', '1', '0'),
('10', 'supplier', 'order', 'Orders', 'Order confirmation', '1', '0'),
('11', 'supplier', 'delivery', 'Deliveries', 'Delivery coordination', '1', '0'),
('12', 'supplier', 'invoice', 'Invoices', 'Invoice posting', '1', '0');

-- --------------------------------------------------------

--
-- Table structure for table `0_crm_contacts`
--

DROP TABLE IF EXISTS `0_crm_contacts`;
CREATE TABLE IF NOT EXISTS `0_crm_contacts` (
  `id` int(11) NOT NULL auto_increment,
  `person_id` int(11) NOT NULL default '0' COMMENT 'foreign key to crm_contacts',
  `type` varchar(20) NOT NULL COMMENT 'foreign key to crm_categories',
  `action` varchar(20) NOT NULL COMMENT 'foreign key to crm_categories',
  `entity_id` varchar(11) default NULL COMMENT 'entity id in related class table',
  PRIMARY KEY (`id`),
  KEY `type` (`type`,`action`)
) ENGINE=InnoDB ;

--
-- Dumping data for table `0_crm_contacts`
--

-- --------------------------------------------------------

--
-- Table structure for table `0_crm_persons`
--

DROP TABLE IF EXISTS `0_crm_persons`;
CREATE TABLE IF NOT EXISTS `0_crm_persons` (
  `id` int(11) NOT NULL auto_increment,
  `ref` varchar(30) NOT NULL,
  `name` varchar(60) NOT NULL,
  `name2` varchar(60) default NULL,
  `address` tinytext,
  `phone` varchar(30) default NULL,
  `phone2` varchar(30) default NULL,
  `fax` varchar(30) default NULL,
  `email` varchar(100) default NULL,
  `lang` char(5) default NULL,
  `notes` tinytext NOT NULL,
  `inactive` tinyint(1) NOT NULL default '0',
  PRIMARY KEY (`id`),
  KEY `ref` (`ref`)
) ENGINE=InnoDB ;

--
-- Dumping data for table `0_crm_persons`
--

-- --------------------------------------------------------

--
-- Table structure for table `0_currencies`
--

DROP TABLE IF EXISTS `0_currencies`;
CREATE TABLE IF NOT EXISTS `0_currencies` (
  `currency` varchar(60) NOT NULL default '',
  `curr_abrev` char(3) NOT NULL default '',
  `curr_symbol` varchar(10) NOT NULL default '',
  `country` varchar(100) NOT NULL default '',
  `hundreds_name` varchar(15) NOT NULL default '',
  `auto_update` tinyint(1) NOT NULL default '1',
  `inactive` tinyint(1) NOT NULL default '0',
  PRIMARY KEY (`curr_abrev`)
) ENGINE=InnoDB ;

--
-- Dumping data for table `0_currencies`
--

INSERT INTO `0_currencies` VALUES
('Phillipine Pesos', 'PHP', 'P$', 'Phillipines', 'Sentimo', '1', '0'),
('US Dollars', 'USD', '$', 'United States', 'Cents', '1', '0'),
('Euro', 'EUR', '€', 'Europe', 'Cents', '1', '0'),
('Pounds', 'GBP', '£', 'Great Britain', 'Pence', '1', '0'),
('CA Dollars', 'CAD', '$', 'Canada', 'Cents', '1', '0');

-- --------------------------------------------------------

--
-- Table structure for table `0_cust_allocations`
--

DROP TABLE IF EXISTS `0_cust_allocations`;
CREATE TABLE IF NOT EXISTS `0_cust_allocations` (
  `id` int(11) NOT NULL auto_increment,
  `person_id` int(11) DEFAULT NULL,
  `amt` double unsigned default NULL,
  `date_alloc` date NOT NULL default '0000-00-00',
  `trans_no_from` int(11) default NULL,
  `trans_type_from` int(11) default NULL,
  `trans_no_to` int(11) default NULL,
  `trans_type_to` int(11) default NULL,
  PRIMARY KEY (`id`),
  UNIQUE KEY `trans_type_from` (`person_id`,`trans_type_from`,`trans_no_from`,`trans_type_to`,`trans_no_to`),
  KEY `From` (`trans_type_from`,`trans_no_from`),
  KEY `To` (`trans_type_to`,`trans_no_to`)
) ENGINE=InnoDB ;

--
-- Dumping data for table `0_cust_allocations`
--

-- --------------------------------------------------------

--
-- Table structure for table `0_cust_branch`
--

DROP TABLE IF EXISTS `0_cust_branch`;
CREATE TABLE IF NOT EXISTS `0_cust_branch` (
  `branch_code` int(11) NOT NULL auto_increment,
  `debtor_no` int(11) NOT NULL default '0',
  `br_name` varchar(60) NOT NULL default '',
  `branch_ref` varchar(30) NOT NULL default '',
  `br_address` tinytext NOT NULL,
  `area` int(11) default NULL,
  `salesman` int(11) NOT NULL default '0',
  `default_location` varchar(5) NOT NULL default '',
  `tax_group_id` int(11) default NULL,
  `sales_account` varchar(15) NOT NULL default '',
  `sales_discount_account` varchar(15) NOT NULL default '',
  `receivables_account` varchar(15) NOT NULL default '',
  `payment_discount_account` varchar(15) NOT NULL default '',
  `default_ship_via` int(11) NOT NULL default '1',
  `br_post_address` tinytext NOT NULL,
  `group_no` int(11) NOT NULL default '0',
  `notes` tinytext NOT NULL,
  `bank_account` varchar(60) DEFAULT NULL,
  `inactive` tinyint(1) NOT NULL default '0',
  PRIMARY KEY (`branch_code`,`debtor_no`),
  KEY `branch_ref` (`branch_ref`),
  KEY `group_no` (`group_no`)
) ENGINE=InnoDB ;

--
-- Dumping data for table `0_cust_branch`
--

-- --------------------------------------------------------

--
-- Table structure for table `0_debtors_master`
--

DROP TABLE IF EXISTS `0_debtors_master`;
CREATE TABLE IF NOT EXISTS `0_debtors_master` (
  `debtor_no` int(11) NOT NULL auto_increment,
  `name` varchar(100) NOT NULL default '',
  `debtor_ref` varchar(30) NOT NULL,
  `address` tinytext,
  `tax_id` varchar(55) NOT NULL default '',
  `curr_code` char(3) NOT NULL default '',
  `sales_type` int(11) NOT NULL default '1',
  `dimension_id` int(11) NOT NULL default '0',
  `dimension2_id` int(11) NOT NULL default '0',
  `credit_status` int(11) NOT NULL default '0',
  `payment_terms` int(11) default NULL,
  `discount` double NOT NULL default '0',
  `pymt_discount` double NOT NULL default '0',
  `credit_limit` float NOT NULL default '1000',
  `notes` tinytext NOT NULL,
  `inactive` tinyint(1) NOT NULL default '0',
  PRIMARY KEY (`debtor_no`),
  KEY `name` (`name`),
  UNIQUE KEY `debtor_ref` (`debtor_ref`)
) ENGINE=InnoDB ;

--
-- Dumping data for table `0_debtors_master`
--

-- --------------------------------------------------------

--
-- Table structure for table `0_debtor_trans`
--

DROP TABLE IF EXISTS `0_debtor_trans`;
CREATE TABLE IF NOT EXISTS `0_debtor_trans` (
  `trans_no` int(11) unsigned NOT NULL default '0',
  `type` smallint(6) unsigned NOT NULL default '0',
  `version` tinyint(1) unsigned NOT NULL default '0',
  `debtor_no` int(11) unsigned default NULL,
  `branch_code` int(11) NOT NULL default '-1',
  `tran_date` date NOT NULL default '0000-00-00',
  `due_date` date NOT NULL default '0000-00-00',
  `reference` varchar(60) NOT NULL default '',
  `tpe` int(11) NOT NULL default '0',
  `order_` int(11) NOT NULL default '0',
  `ov_amount` double NOT NULL default '0',
  `ov_gst` double NOT NULL default '0',
  `ov_freight` double NOT NULL default '0',
  `ov_freight_tax` double NOT NULL default '0',
  `ov_discount` double NOT NULL default '0',
  `alloc` double NOT NULL default '0',
  `prep_amount` double NOT NULL DEFAULT '0',
  `rate` double NOT NULL default '1',
  `ship_via` int(11) default NULL,
  `dimension_id` int(11) NOT NULL default '0',
  `dimension2_id` int(11) NOT NULL default '0',
  `payment_terms` int(11) default NULL,
  `tax_included` tinyint(1) unsigned NOT NULL default '0',
  PRIMARY KEY (`type`,`trans_no`,`debtor_no`),
  KEY `debtor_no` (`debtor_no`,`branch_code`),
  KEY `tran_date` (`tran_date`),
  KEY `order_` (`order_`)
) ENGINE=InnoDB ;

--
-- Dumping data for table `0_debtor_trans`
--

-- --------------------------------------------------------

--
-- Table structure for table `0_debtor_trans_details`
--

DROP TABLE IF EXISTS `0_debtor_trans_details`;
CREATE TABLE IF NOT EXISTS `0_debtor_trans_details` (
  `id` int(11) NOT NULL auto_increment,
  `debtor_trans_no` int(11) default NULL,
  `debtor_trans_type` int(11) default NULL,
  `stock_id` varchar(20) NOT NULL default '',
  `description` tinytext,
  `unit_price` double NOT NULL default '0',
  `unit_tax` double NOT NULL default '0',
  `quantity` double NOT NULL default '0',
  `discount_percent` double NOT NULL default '0',
  `standard_cost` double NOT NULL default '0',
  `qty_done` double NOT NULL default '0',
  `src_id` int(11) NOT NULL,
  PRIMARY KEY (`id`),
  KEY `Transaction` (`debtor_trans_type`,`debtor_trans_no`),
  KEY (`src_id`)
) ENGINE=InnoDB ;

--
-- Dumping data for table `0_debtor_trans_details`
--

-- --------------------------------------------------------

--
-- Table structure for table `0_dimensions`
--

DROP TABLE IF EXISTS `0_dimensions`;
CREATE TABLE IF NOT EXISTS `0_dimensions` (
  `id` int(11) NOT NULL auto_increment,
  `reference` varchar(60) NOT NULL default '',
  `name` varchar(60) NOT NULL default '',
  `type_` tinyint(1) NOT NULL default '1',
  `closed` tinyint(1) NOT NULL default '0',
  `date_` date NOT NULL default '0000-00-00',
  `due_date` date NOT NULL default '0000-00-00',
  PRIMARY KEY (`id`),
  UNIQUE KEY `reference` (`reference`),
  KEY `date_` (`date_`),
  KEY `due_date` (`due_date`),
  KEY `type_` (`type_`)
) ENGINE=InnoDB ;

--
-- Dumping data for table `0_dimensions`
--

-- --------------------------------------------------------

--
-- Table structure for table `0_exchange_rates`
--

DROP TABLE IF EXISTS `0_exchange_rates`;
CREATE TABLE IF NOT EXISTS `0_exchange_rates` (
  `id` int(11) NOT NULL auto_increment,
  `curr_code` char(3) NOT NULL default '',
  `rate_buy` double NOT NULL default '0',
  `rate_sell` double NOT NULL default '0',
  `date_` date NOT NULL default '0000-00-00',
  PRIMARY KEY (`id`),
  UNIQUE KEY `curr_code` (`curr_code`,`date_`)
) ENGINE=InnoDB ;

--
-- Dumping data for table `0_exchange_rates`
--

-- --------------------------------------------------------

--
-- Table structure for table `0_fiscal_year`
--

DROP TABLE IF EXISTS `0_fiscal_year`;
CREATE TABLE IF NOT EXISTS `0_fiscal_year` (
  `id` int(11) NOT NULL auto_increment,
  `begin` date default '0000-00-00',
  `end` date default '0000-00-00',
  `closed` tinyint(1) NOT NULL default '0',
  PRIMARY KEY (`id`),
  UNIQUE KEY `begin` (`begin`),
  UNIQUE KEY `end` (`end`)
) ENGINE=InnoDB ;

--
-- Dumping data for table `0_fiscal_year`
--

INSERT INTO `0_fiscal_year` VALUES
('1', '2018-01-01', '2018-12-31', '0');

-- --------------------------------------------------------

--
-- Table structure for table `0_gl_trans`
--

DROP TABLE IF EXISTS `0_gl_trans`;
CREATE TABLE IF NOT EXISTS `0_gl_trans` (
  `counter` int(11) NOT NULL auto_increment,
  `type` smallint(6) NOT NULL default '0',
  `type_no` int(11) NOT NULL default '0',
  `tran_date` date NOT NULL default '0000-00-00',
  `account` varchar(15) NOT NULL default '',
  `memo_` tinytext NOT NULL,
  `amount` double NOT NULL default '0',
  `dimension_id` int(11) NOT NULL default '0',
  `dimension2_id` int(11) NOT NULL default '0',
  `person_type_id` int(11) default NULL,
  `person_id` tinyblob,
  PRIMARY KEY (`counter`),
  KEY `Type_and_Number` (`type`,`type_no`),
  KEY `dimension_id` (`dimension_id`),
  KEY `dimension2_id` (`dimension2_id`),
  KEY `tran_date` (`tran_date`),
  KEY `account_and_tran_date` (`account`,`tran_date`)
) ENGINE=InnoDB ;

--
-- Dumping data for table `0_gl_trans`
--

-- --------------------------------------------------------

--
-- Table structure for table `0_grn_batch`
--

DROP TABLE IF EXISTS `0_grn_batch`;
CREATE TABLE IF NOT EXISTS `0_grn_batch` (
  `id` int(11) NOT NULL auto_increment,
  `supplier_id` int(11) NOT NULL default '0',
  `purch_order_no` int(11) default NULL,
  `reference` varchar(60) NOT NULL default '',
  `delivery_date` date NOT NULL default '0000-00-00',
  `loc_code` varchar(5) default NULL,
  `rate` double NULL default '1',
  PRIMARY KEY (`id`),
  KEY `delivery_date` (`delivery_date`),
  KEY `purch_order_no` (`purch_order_no`)
) ENGINE=InnoDB ;

--
-- Dumping data for table `0_grn_batch`
--

-- --------------------------------------------------------

--
-- Table structure for table `0_grn_items`
--

DROP TABLE IF EXISTS `0_grn_items`;
CREATE TABLE IF NOT EXISTS `0_grn_items` (
  `id` int(11) NOT NULL auto_increment,
  `grn_batch_id` int(11) default NULL,
  `po_detail_item` int(11) NOT NULL default '0',
  `item_code` varchar(20) NOT NULL default '',
  `description` tinytext,
  `qty_recd` double NOT NULL default '0',
  `quantity_inv` double NOT NULL default '0',
  PRIMARY KEY (`id`),
  KEY `grn_batch_id` (`grn_batch_id`)
) ENGINE=InnoDB ;

--
-- Dumping data for table `0_grn_items`
--

-- --------------------------------------------------------

--
-- Table structure for table `0_groups`
--

DROP TABLE IF EXISTS `0_groups`;
CREATE TABLE IF NOT EXISTS `0_groups` (
  `id` smallint(6) unsigned NOT NULL auto_increment,
  `description` varchar(60) NOT NULL default '',
  `inactive` tinyint(1) NOT NULL default '0',
  PRIMARY KEY (`id`),
  UNIQUE KEY `description` (`description`)
) ENGINE=InnoDB ;

--
-- Dumping data for table `0_groups`
--

INSERT INTO `0_groups` VALUES
('1', 'Small', '0'),
('2', 'Medium', '0'),
('3', 'Large', '0');

### Structure of table `0_item_codes` ###

DROP TABLE IF EXISTS `0_item_codes`;
CREATE TABLE IF NOT EXISTS `0_item_codes` (
  `id` int(11) unsigned NOT NULL auto_increment,
  `item_code` varchar(20) NOT NULL,
  `stock_id` varchar(20) NOT NULL,
  `description` varchar(200) NOT NULL default '',
  `category_id` smallint(6) unsigned NOT NULL,
  `quantity` double NOT NULL default '1',
  `is_foreign` tinyint(1) NOT NULL default '0',
  `inactive` tinyint(1) NOT NULL default '0',
  PRIMARY KEY (`id`),
  UNIQUE KEY `stock_id` (`stock_id`,`item_code`),
  KEY `item_code` (`item_code`)
) ENGINE=InnoDB ;

--
-- Dumping data for table `0_item_codes`
--

-- --------------------------------------------------------

--
-- Table structure for table `0_item_tax_types`
--

DROP TABLE IF EXISTS `0_item_tax_types`;
CREATE TABLE IF NOT EXISTS `0_item_tax_types` (
  `id` int(11) NOT NULL auto_increment,
  `name` varchar(60) NOT NULL default '',
  `exempt` tinyint(1) NOT NULL default '0',
  `inactive` tinyint(1) NOT NULL default '0',
  PRIMARY KEY (`id`),
  UNIQUE KEY `name` (`name`)
) ENGINE=InnoDB ;

--
-- Dumping data for table `0_item_tax_types`
--

INSERT INTO `0_item_tax_types` VALUES (1, 'Regular', 0, 0);

-- --------------------------------------------------------

--
-- Table structure for table `0_item_tax_type_exemptions`
--

DROP TABLE IF EXISTS `0_item_tax_type_exemptions`;
CREATE TABLE IF NOT EXISTS `0_item_tax_type_exemptions` (
  `item_tax_type_id` int(11) NOT NULL default '0',
  `tax_type_id` int(11) NOT NULL default '0',
  PRIMARY KEY (`item_tax_type_id`,`tax_type_id`)
) ENGINE=InnoDB ;

--
-- Dumping data for table `0_item_tax_type_exemptions`
--

-- --------------------------------------------------------

--
-- Table structure for table `0_item_units`
--

DROP TABLE IF EXISTS `0_item_units`;
CREATE TABLE IF NOT EXISTS `0_item_units` (
  `abbr` varchar(20) NOT NULL,
  `name` varchar(40) NOT NULL,
  `decimals` tinyint(2) NOT NULL,
  `inactive` tinyint(1) NOT NULL default '0',
  PRIMARY KEY (`abbr`),
  UNIQUE KEY `name` (`name`)
) ENGINE=InnoDB ;

--
-- Dumping data for table `0_item_units`
--

INSERT INTO `0_item_units` VALUES
('ea',  'Each', '0', '0'),
('hr',  'Hours', 0, 0),
('bot', 'bottle', '0', '0'),
('ltr', 'liter', '2', '0'),
('ml',  'mililiter', '0', '0'),
('pc',  'Piece', '0', '0'),
('pk',  'pack', '0', '0');

-- --------------------------------------------------------

--
-- Table structure for table `0_journal`
--

DROP TABLE IF EXISTS `0_journal`;
CREATE TABLE IF NOT EXISTS `0_journal` (
  `type` smallint(6) NOT NULL DEFAULT '0',
  `trans_no` int(11) NOT NULL DEFAULT '0',
  `tran_date` date DEFAULT '0000-00-00',
  `reference` varchar(60) NOT NULL DEFAULT '',
  `source_ref` varchar(60) NOT NULL DEFAULT '',
  `event_date` date DEFAULT '0000-00-00',
  `doc_date` date NOT NULL DEFAULT '0000-00-00',
  `currency` char(3) NOT NULL DEFAULT '',
  `amount` double NOT NULL DEFAULT '0',
  `rate` double NOT NULL DEFAULT '1',
  PRIMARY KEY (`type`,`trans_no`),
  KEY `tran_date` (`tran_date`)
) ENGINE=InnoDB ;

--
-- Dumping data for table `0_journal`
--

-- --------------------------------------------------------

--
-- Table structure for table `0_locations`
--

DROP TABLE IF EXISTS `0_locations`;
CREATE TABLE IF NOT EXISTS `0_locations` (
  `loc_code` varchar(5) NOT NULL default '',
  `location_name` varchar(60) NOT NULL default '',
  `delivery_address` tinytext NOT NULL,
  `phone` varchar(30) NOT NULL default '',
  `phone2` varchar(30) NOT NULL default '',
  `fax` varchar(30) NOT NULL default '',
  `email` varchar(100) NOT NULL default '',
  `contact` varchar(30) NOT NULL default '',
  `fixed_asset` tinyint(1) NOT NULL DEFAULT '0',
  `inactive` tinyint(1) NOT NULL default '0',
  PRIMARY KEY (`loc_code`)
) ENGINE=InnoDB ;

--
-- Dumping data for table `0_locations`
--

INSERT INTO `0_locations` VALUES 
('DEF', 'Default', 'N/A', '', '', '', '', '', 0, 0);

-- --------------------------------------------------------

--
-- Table structure for table `0_loc_stock`
--

DROP TABLE IF EXISTS `0_loc_stock`;
CREATE TABLE IF NOT EXISTS `0_loc_stock` (
  `loc_code` char(5) NOT NULL default '',
  `stock_id` char(20) NOT NULL default '',
  `reorder_level` double NOT NULL default '0',
  PRIMARY KEY (`loc_code`,`stock_id`),
  KEY `stock_id` (`stock_id`)
) ENGINE=InnoDB ;

--
-- Dumping data for table `0_loc_stock`
--

-- --------------------------------------------------------

--
-- Table structure for table `0_payment_terms`
--

DROP TABLE IF EXISTS `0_payment_terms`;
CREATE TABLE IF NOT EXISTS `0_payment_terms` (
  `terms_indicator` int(11) NOT NULL auto_increment,
  `terms` char(80) NOT NULL default '',
  `days_before_due` smallint(6) NOT NULL default '0',
  `day_in_following_month` smallint(6) NOT NULL default '0',
  `inactive` tinyint(1) NOT NULL default '0',
  PRIMARY KEY (`terms_indicator`),
  UNIQUE KEY `terms` (`terms`)
) ENGINE=InnoDB ;

--
-- Dumping data for table `0_payment_terms`
--

INSERT INTO `0_payment_terms` VALUES
('1', 'Due 15th Of the Following Month', '0', '17', '0'),
('2', 'Due By End Of The Following Month', '0', '30', '0'),
('3', 'Payment due within 10 days', '10', '0', '0'),
('4', 'Cash Only', '0', '0', '0'),
('5', 'Prepaid', -1, 0, 0);

-- --------------------------------------------------------

--
-- Table structure for table `0_prices`
--

DROP TABLE IF EXISTS `0_prices`;
CREATE TABLE IF NOT EXISTS `0_prices` (
  `id` int(11) NOT NULL auto_increment,
  `stock_id` varchar(20) NOT NULL default '',
  `sales_type_id` int(11) NOT NULL default '0',
  `curr_abrev` char(3) NOT NULL default '',
  `price` double NOT NULL default '0',
  PRIMARY KEY (`id`),
  UNIQUE KEY `price` (`stock_id`,`sales_type_id`,`curr_abrev`)
) ENGINE=InnoDB ;

--
-- Dumping data for table `0_prices`
--

-- --------------------------------------------------------

--
-- Table structure for table `0_printers`
--

DROP TABLE IF EXISTS `0_printers`;
CREATE TABLE IF NOT EXISTS `0_printers` (
  `id` tinyint(3) unsigned NOT NULL auto_increment,
  `name` varchar(20) NOT NULL,
  `description` varchar(60) NOT NULL,
  `queue` varchar(20) NOT NULL,
  `host` varchar(40) NOT NULL,
  `port` smallint(11) unsigned NOT NULL,
  `timeout` tinyint(3) unsigned NOT NULL,
  PRIMARY KEY (`id`),
  UNIQUE KEY `name` (`name`)
) ENGINE=InnoDB ;

--
-- Dumping data for table `0_printers`
--

INSERT INTO `0_printers` VALUES
('1', 'QL500', 'Label printer', 'QL500', 'server', '127', '20'),
('2', 'Samsung', 'Main network printer', 'scx4521F', 'server', '515', '5'),
('3', 'Local', 'Local print server at user IP', 'lp', '', '515', '10');

-- --------------------------------------------------------

--
-- Table structure for table `0_print_profiles`
--

DROP TABLE IF EXISTS `0_print_profiles`;
CREATE TABLE IF NOT EXISTS `0_print_profiles` (
  `id` smallint(6) unsigned NOT NULL auto_increment,
  `profile` varchar(30) NOT NULL,
  `report` varchar(5) default NULL,
  `printer` tinyint(3) unsigned default NULL,
  PRIMARY KEY (`id`),
  UNIQUE KEY `profile` (`profile`,`report`)
) ENGINE=InnoDB ;

--
-- Dumping data for table `0_print_profiles`
--

INSERT INTO `0_print_profiles` VALUES
('1', 'Out of office', NULL, '0'),
('2', 'Sales Department', NULL, '0'),
('3', 'Central', NULL, '2'),
('4', 'Sales Department', '104', '2'),
('5', 'Sales Department', '105', '2'),
('6', 'Sales Department', '107', '2'),
('7', 'Sales Department', '109', '2'),
('8', 'Sales Department', '110', '2'),
('9', 'Sales Department', '201', '2');

-- --------------------------------------------------------

--
-- Table structure for table `0_purch_data`
--

DROP TABLE IF EXISTS `0_purch_data`;
CREATE TABLE IF NOT EXISTS `0_purch_data` (
  `supplier_id` int(11) NOT NULL default '0',
  `stock_id` char(20) NOT NULL default '',
  `price` double NOT NULL default '0',
  `suppliers_uom` char(50) NOT NULL default '',
  `conversion_factor` double NOT NULL default '1',
  `supplier_description` char(50) NOT NULL default '',
  PRIMARY KEY (`supplier_id`,`stock_id`)
) ENGINE=InnoDB ;

--
-- Dumping data for table `0_purch_data`
--

-- --------------------------------------------------------

--
-- Table structure for table `0_purch_orders`
--

DROP TABLE IF EXISTS `0_purch_orders`;
CREATE TABLE IF NOT EXISTS `0_purch_orders` (
  `order_no` int(11) NOT NULL auto_increment,
  `supplier_id` int(11) NOT NULL default '0',
  `comments` tinytext,
  `ord_date` date NOT NULL default '0000-00-00',
  `reference` tinytext NOT NULL,
  `requisition_no` tinytext,
  `into_stock_location` varchar(5) NOT NULL default '',
  `delivery_address` tinytext NOT NULL,
  `total` double NOT NULL default '0',
  `prep_amount` double NOT NULL DEFAULT '0',
  `alloc` double NOT NULL DEFAULT '0',
  `tax_included` tinyint(1) NOT NULL default '0',
  PRIMARY KEY (`order_no`),
  KEY `ord_date` (`ord_date`)
) ENGINE=InnoDB ;

--
-- Dumping data for table `0_purch_orders`
--

-- --------------------------------------------------------

--
-- Table structure for table `0_purch_order_details`
--

DROP TABLE IF EXISTS `0_purch_order_details`;
CREATE TABLE IF NOT EXISTS `0_purch_order_details` (
  `po_detail_item` int(11) NOT NULL auto_increment,
  `order_no` int(11) NOT NULL default '0',
  `item_code` varchar(20) NOT NULL default '',
  `description` tinytext,
  `delivery_date` date NOT NULL default '0000-00-00',
  `qty_invoiced` double NOT NULL default '0',
  `unit_price` double NOT NULL default '0',
  `act_price` double NOT NULL default '0',
  `std_cost_unit` double NOT NULL default '0',
  `quantity_ordered` double NOT NULL default '0',
  `quantity_received` double NOT NULL default '0',
  PRIMARY KEY (`po_detail_item`),
  KEY `order` (`order_no`,`po_detail_item`),
  KEY `itemcode` (`item_code`)
) ENGINE=InnoDB ;

--
-- Dumping data for table `0_purch_order_details`
--

-- --------------------------------------------------------

--
-- Table structure for table `0_quick_entries`
--

DROP TABLE IF EXISTS `0_quick_entries`;
CREATE TABLE IF NOT EXISTS `0_quick_entries` (
  `id` smallint(6) unsigned NOT NULL auto_increment,
  `type` tinyint(1) NOT NULL default '0',
  `description` varchar(60) NOT NULL,
  `usage` varchar(120) NULL,
  `base_amount` double NOT NULL default '0',
  `base_desc` varchar(60) default NULL,
  `bal_type` tinyint(1) NOT NULL default '0',
  PRIMARY KEY (`id`),
  KEY `description` (`description`)
) ENGINE=InnoDB ;

--
-- Dumping data for table `0_quick_entries`
--

INSERT INTO `0_quick_entries` VALUES
('1', '1', 'Maintenance', NULL, '0', 'Amount', '0'),
('2', '4', 'Phone', NULL, '0', 'Amount', '0'),
('3', '2', 'Cash Sales', NULL, '0', 'Amount', '0');

-- --------------------------------------------------------

--
-- Table structure for table `0_quick_entry_lines`
--

DROP TABLE IF EXISTS `0_quick_entry_lines`;
CREATE TABLE IF NOT EXISTS `0_quick_entry_lines` (
  `id` smallint(6) unsigned NOT NULL auto_increment,
  `qid` smallint(6) unsigned NOT NULL,
  `amount` double default '0',
  `memo` tinytext NOT NULL,
  `action` varchar(2) NOT NULL,
  `dest_id` varchar(15) NOT NULL default '',
  `dimension_id` smallint(6) unsigned default NULL,
  `dimension2_id` smallint(6) unsigned default NULL,
  PRIMARY KEY (`id`),
  KEY `qid` (`qid`)
) ENGINE=InnoDB ;

--
-- Dumping data for table `0_quick_entry_lines`
--

INSERT INTO `0_quick_entry_lines` VALUES
('1', '1', '0', '', 't-', '1', '0', '0'),
('2', '2', '0', '', 't-', '1', '0', '0'),
('3', '3', '0', '', 't-', '1', '0', '0'),
('4', '3', '0', '', '=', '7100', '0', '0'),
('5', '1', '0', '', '=', '6240', '0', '0'),
('6', '2', '0', '', '=', '6140', '0', '0');

-- --------------------------------------------------------

--
-- Table structure for table `0_recurrent_invoices`
--

DROP TABLE IF EXISTS `0_recurrent_invoices`;
CREATE TABLE IF NOT EXISTS `0_recurrent_invoices` (
  `id` smallint(6) unsigned NOT NULL auto_increment,
  `description` varchar(60) NOT NULL default '',
  `order_no` int(11) unsigned NOT NULL,
  `debtor_no` int(11) unsigned default NULL,
  `group_no` smallint(6) unsigned default NULL,
  `days` int(11) NOT NULL default '0',
  `monthly` int(11) NOT NULL default '0',
  `begin` date NOT NULL default '0000-00-00',
  `end` date NOT NULL default '0000-00-00',
  `last_sent` date NOT NULL default '0000-00-00',
  PRIMARY KEY (`id`),
  UNIQUE KEY `description` (`description`)
) ENGINE=InnoDB ;

--
-- Dumping data for table `0_recurrent_invoices`
--

-- --------------------------------------------------------

--
-- Table structure for table `0_reflines`
--

DROP TABLE IF EXISTS `0_reflines`;
CREATE TABLE IF NOT EXISTS `0_reflines` (
  `id` int(11) NOT NULL AUTO_INCREMENT,
  `trans_type` int(11) NOT NULL,
  `prefix` char(5) NOT NULL DEFAULT '',
  `pattern` varchar(35) NOT NULL DEFAULT '1',
  `description` varchar(60) NOT NULL DEFAULT '',
  `default` tinyint(1) NOT NULL DEFAULT '0',
  `inactive` tinyint(1) NOT NULL DEFAULT '0',
  PRIMARY KEY (`id`),
  UNIQUE KEY `prefix` (`trans_type`, `prefix`)
) ENGINE=InnoDB ;

--
-- Dumping data for table `0_reflines`
--

INSERT INTO `0_reflines` VALUES
('1', '0', '', '{001}/{YYYY}', '', '1', '0'),
('2', '1', '', '{001}/{YYYY}', '', '1', '0'),
('3', '2', '', '{001}/{YYYY}', '', '1', '0'),
('4', '4', '', '{001}/{YYYY}', '', '1', '0'),
('5', '10', '', '{001}/{YYYY}', '', '1', '0'),
('6', '11', '', '{001}/{YYYY}', '', '1', '0'),
('7', '12', '', '{001}/{YYYY}', '', '1', '0'),
('8', '13', '', '{001}/{YYYY}', '', '1', '0'),
('9', '16', '', '{001}/{YYYY}', '', '1', '0'),
('10', '17', '', '{001}/{YYYY}', '', '1', '0'),
('11', '18', '', '{001}/{YYYY}', '', '1', '0'),
('12', '20', '', '{001}/{YYYY}', '', '1', '0'),
('13', '21', '', '{001}/{YYYY}', '', '1', '0'),
('14', '22', '', '{001}/{YYYY}', '', '1', '0'),
('15', '25', '', '{001}/{YYYY}', '', '1', '0'),
('16', '26', '', '{001}/{YYYY}', '', '1', '0'),
('17', '28', '', '{001}/{YYYY}', '', '1', '0'),
('18', '29', '', '{001}/{YYYY}', '', '1', '0'),
('19', '30', '', '{001}/{YYYY}', '', '1', '0'),
('20', '32', '', '{001}/{YYYY}', '', '1', '0'),
('21', '35', '', '{001}/{YYYY}', '', '1', '0'),
('22', '40', '', '{001}/{YYYY}', '', '1', '0');

-- --------------------------------------------------------

--
-- Table structure for table `0_refs`
--

DROP TABLE IF EXISTS `0_refs`;
CREATE TABLE IF NOT EXISTS `0_refs` (
  `id` int(11) NOT NULL default '0',
  `type` int(11) NOT NULL default '0',
  `reference` varchar(100) NOT NULL default '',
  PRIMARY KEY (`id`,`type`),
  KEY `Type_and_Reference` (`type`,`reference`)
) ENGINE=InnoDB ;

--
-- Dumping data for table `0_refs`
--

-- --------------------------------------------------------

--
-- Table structure for table `0_salesman`
--

DROP TABLE IF EXISTS `0_salesman`;
CREATE TABLE IF NOT EXISTS `0_salesman` (
  `salesman_code` int(11) NOT NULL auto_increment,
  `salesman_name` char(60) NOT NULL default '',
  `salesman_phone` char(30) NOT NULL default '',
  `salesman_fax` char(30) NOT NULL default '',
  `salesman_email` varchar(100) NOT NULL default '',
  `provision` double NOT NULL default '0',
  `break_pt` double NOT NULL default '0',
  `provision2` double NOT NULL default '0',
  `inactive` tinyint(1) NOT NULL default '0',
  PRIMARY KEY (`salesman_code`),
  UNIQUE KEY `salesman_name` (`salesman_name`)
) ENGINE=InnoDB ;

--
-- Dumping data for table `0_salesman`
--

INSERT INTO `0_salesman` VALUES
('1', 'Sales Person', '', '', '', '5', '1000', '4', '0');

-- --------------------------------------------------------

--
-- Table structure for table `0_sales_orders`
--

DROP TABLE IF EXISTS `0_sales_orders`;
CREATE TABLE IF NOT EXISTS `0_sales_orders` (
  `order_no` int(11) NOT NULL,
  `trans_type` smallint(6) NOT NULL default '30',
  `version` tinyint(1) unsigned NOT NULL default '0',
  `type` tinyint(1) NOT NULL default '0',
  `debtor_no` int(11) NOT NULL default '0',
  `branch_code` int(11) NOT NULL default '0',
  `reference` varchar(100) NOT NULL default '',
  `customer_ref` tinytext NOT NULL,
  `comments` tinytext,
  `ord_date` date NOT NULL default '0000-00-00',
  `order_type` int(11) NOT NULL default '0',
  `ship_via` int(11) NOT NULL default '0',
  `delivery_address` tinytext NOT NULL,
  `contact_phone` varchar(30) default NULL,
  `contact_email` varchar(100) default NULL,
  `deliver_to` tinytext NOT NULL,
  `freight_cost` double NOT NULL default '0',
  `from_stk_loc` varchar(5) NOT NULL default '',
  `delivery_date` date NOT NULL default '0000-00-00',
  `payment_terms` int(11) default NULL,
  `total` double NOT NULL default '0',
  `prep_amount` double NOT NULL DEFAULT '0',
  `alloc` double NOT NULL DEFAULT '0',
  PRIMARY KEY (`trans_type`,`order_no`)
) ENGINE=InnoDB ;

--
-- Dumping data for table `0_sales_orders`
--

-- --------------------------------------------------------

--
-- Table structure for table `0_sales_order_details`
--

DROP TABLE IF EXISTS `0_sales_order_details`;
CREATE TABLE IF NOT EXISTS `0_sales_order_details` (
  `id` int(11) NOT NULL auto_increment,
  `order_no` int(11) NOT NULL default '0',
  `trans_type` smallint(6) NOT NULL default '30',
  `stk_code` varchar(20) NOT NULL default '',
  `description` tinytext,
  `qty_sent` double NOT NULL default '0',
  `unit_price` double NOT NULL default '0',
  `quantity` double NOT NULL default '0',
  `invoiced` double NOT NULL DEFAULT '0',
  `discount_percent` double NOT NULL default '0',
  PRIMARY KEY (`id`),
  KEY `sorder` (`trans_type`,`order_no`),
  KEY `stkcode` (`stk_code`)
) ENGINE=InnoDB ;

--
-- Dumping data for table `0_sales_order_details`
--

-- --------------------------------------------------------

--
-- Table structure for table `0_sales_pos`
--

DROP TABLE IF EXISTS `0_sales_pos`;
CREATE TABLE IF NOT EXISTS `0_sales_pos` (
  `id` smallint(6) unsigned NOT NULL auto_increment,
  `pos_name` varchar(30) NOT NULL,
  `cash_sale` tinyint(1) NOT NULL,
  `credit_sale` tinyint(1) NOT NULL,
  `pos_location` varchar(5) NOT NULL,
  `pos_account` smallint(6) unsigned NOT NULL,
  `inactive` tinyint(1) NOT NULL default '0',
  PRIMARY KEY (`id`),
  UNIQUE KEY `pos_name` (`pos_name`)
) ENGINE=InnoDB ;

--
-- Dumping data for table `0_sales_pos`
--

INSERT INTO `0_sales_pos` VALUES
('1', 'Default', '1', '1', 'DEF', '2', '0');

-- --------------------------------------------------------

--
-- Table structure for table `0_sales_types`
--

DROP TABLE IF EXISTS `0_sales_types`;
CREATE TABLE IF NOT EXISTS `0_sales_types` (
  `id` int(11) NOT NULL auto_increment,
  `sales_type` char(50) NOT NULL default '',
  `tax_included` int(1) NOT NULL default '0',
  `factor` double NOT NULL default '1',
  `inactive` tinyint(1) NOT NULL default '0',
  PRIMARY KEY (`id`),
  UNIQUE KEY `sales_type` (`sales_type`)
) ENGINE=InnoDB ;

--
-- Dumping data for table `0_sales_types`
--

INSERT INTO `0_sales_types` VALUES
('1', 'Retail', '1', '1', '0'),
('2', 'Wholesale', '0', '0.7', '0');

-- --------------------------------------------------------

--
-- Table structure for table `0_security_roles`
--

DROP TABLE IF EXISTS `0_security_roles`;
CREATE TABLE IF NOT EXISTS `0_security_roles` (
  `id` int(11) NOT NULL auto_increment,
  `role` varchar(30) NOT NULL,
  `description` varchar(50) default NULL,
  `sections` text,
  `areas` text,
  `inactive` tinyint(1) NOT NULL default '0',
  PRIMARY KEY (`id`),
  UNIQUE KEY `role` (`role`)
) ENGINE=InnoDB ;

--
-- Dumping data for table `0_security_roles`
--

INSERT INTO `0_security_roles` VALUES
(1,  'Inquiries', 'Inquiries', '768;2816;3072;3328;5632;5888;8192;8448;10752;11008;13312;15872;16128', '257;258;259;260;513;514;515;516;517;518;519;520;521;522;523;524;525;773;774;2822;3073;3075;3076;3077;3329;3330;3331;3332;3333;3334;3335;5377;5633;5640;5889;5890;5891;7937;7938;7939;7940;8193;8194;8450;8451;10497;10753;11009;11010;11012;13313;13315;15617;15618;15619;15620;15621;15622;15623;15624;15625;15626;15873;15882;16129;16130;16131;16132;775', 0),
(2,  'System Administrator', 'System Administrator', '256;512;768;2816;3072;3328;5376;5632;5888;7936;8192;8448;9472;9728;10496;10752;11008;13056;13312;15616;15872;16128', '257;258;259;260;513;514;515;516;517;518;519;520;521;522;523;524;525;526;769;770;771;772;773;774;2817;2818;2819;2820;2821;2822;2823;3073;3074;3082;3075;3076;3077;3078;3079;3080;3081;3329;3330;3331;3332;3333;3334;3335;5377;5633;5634;5635;5636;5637;5641;5638;5639;5640;5889;5890;5891;7937;7938;7939;7940;8193;8194;8195;8196;8197;8449;8450;8451;9217;9218;9220;9473;9474;9475;9476;9729;10497;10753;10754;10755;10756;10757;11009;11010;11011;11012;13057;13313;13314;13315;15617;15618;15619;15620;15621;15622;15623;15624;15628;15625;15626;15627;15873;15874;15875;15876;15877;15878;15879;15880;15883;15881;15882;16129;16130;16131;16132;775', 0),
(3,  'Salesman', 'Salesman', '768;3072;5632;8192;15872', '773;774;3073;3075;3081;5633;8194;15873;775', 0),
(4,  'Stock Manager', 'Stock Manager', '768;2816;3072;3328;5632;5888;8192;8448;10752;11008;13312;15872;16128', '2818;2822;3073;3076;3077;3329;3330;3330;3330;3331;3331;3332;3333;3334;3335;5633;5640;5889;5890;5891;8193;8194;8450;8451;10753;11009;11010;11012;13313;13315;15882;16129;16130;16131;16132;775', 0),
(5,  'Production Manager', 'Production Manager', '512;768;2816;3072;3328;5632;5888;8192;8448;10752;11008;13312;15616;15872;16128', '521;523;524;2818;2819;2820;2821;2822;2823;3073;3074;3076;3077;3078;3079;3080;3081;3329;3330;3330;3330;3331;3331;3332;3333;3334;3335;5633;5640;5640;5889;5890;5891;8193;8194;8196;8197;8450;8451;10753;10755;11009;11010;11012;13313;13315;15617;15619;15620;15621;15624;15624;15876;15877;15880;15882;16129;16130;16131;16132;775', 0),
(6,  'Purchase Officer', 'Purchase Officer', '512;768;2816;3072;3328;5376;5632;5888;8192;8448;10752;11008;13312;15616;15872;16128', '521;523;524;2818;2819;2820;2821;2822;2823;3073;3074;3076;3077;3078;3079;3080;3081;3329;3330;3330;3330;3331;3331;3332;3333;3334;3335;5377;5633;5635;5640;5640;5889;5890;5891;8193;8194;8196;8197;8449;8450;8451;10753;10755;11009;11010;11012;13313;13315;15617;15619;15620;15621;15624;15624;15876;15877;15880;15882;16129;16130;16131;16132;775', 0),
(7,  'AR Officer', 'AR Officer', '512;768;2816;3072;3328;5632;5888;8192;8448;10752;11008;13312;15616;15872;16128', '521;523;524;771;773;774;2818;2819;2820;2821;2822;2823;3073;3073;3074;3075;3076;3077;3078;3079;3080;3081;3081;3329;3330;3330;3330;3331;3331;3332;3333;3334;3335;5633;5633;5634;5637;5638;5639;5640;5640;5889;5890;5891;8193;8194;8194;8196;8197;8450;8451;10753;10755;11009;11010;11012;13313;13315;15617;15619;15620;15621;15624;15624;15873;15876;15877;15878;15880;15882;16129;16130;16131;16132;775', 0),
(8,  'AP Officer', 'AP Officer', '512;768;2816;3072;3328;5376;5632;5888;8192;8448;10752;11008;13312;15616;15872;16128', '257;258;259;260;521;523;524;769;770;771;772;773;774;2818;2819;2820;2821;2822;2823;3073;3074;3082;3076;3077;3078;3079;3080;3081;3329;3330;3331;3332;3333;3334;3335;5377;5633;5635;5640;5889;5890;5891;7937;7938;7939;7940;8193;8194;8196;8197;8449;8450;8451;10497;10753;10755;11009;11010;11012;13057;13313;13315;15617;15619;15620;15621;15624;15876;15877;15880;15882;16129;16130;16131;16132;775', 0),
(9,  'Accountant', 'New Accountant', '512;768;2816;3072;3328;5376;5632;5888;8192;8448;10752;11008;13312;15616;15872;16128', '257;258;259;260;521;523;524;771;772;773;774;2818;2819;2820;2821;2822;2823;3073;3074;3075;3076;3077;3078;3079;3080;3081;3329;3330;3331;3332;3333;3334;3335;5377;5633;5634;5635;5637;5638;5639;5640;5889;5890;5891;7937;7938;7939;7940;8193;8194;8196;8197;8449;8450;8451;10497;10753;10755;11009;11010;11012;13313;13315;15617;15618;15619;15620;15621;15624;15873;15876;15877;15878;15880;15882;16129;16130;16131;16132;775', 0),
(10, 'Sub Admin', 'Sub Admin', '512;768;2816;3072;3328;5376;5632;5888;8192;8448;10752;11008;13312;15616;15872;16128', '257;258;259;260;521;523;524;771;772;773;774;2818;2819;2820;2821;2822;2823;3073;3074;3082;3075;3076;3077;3078;3079;3080;3081;3329;3330;3331;3332;3333;3334;3335;5377;5633;5634;5635;5637;5638;5639;5640;5889;5890;5891;7937;7938;7939;7940;8193;8194;8196;8197;8449;8450;8451;10497;10753;10755;11009;11010;11012;13057;13313;13315;15617;15619;15620;15621;15624;15873;15874;15876;15877;15878;15879;15880;15882;16129;16130;16131;16132;775', 0);

-- --------------------------------------------------------

--
-- Table structure for table `0_shippers`
--

DROP TABLE IF EXISTS `0_shippers`;
CREATE TABLE IF NOT EXISTS `0_shippers` (
  `shipper_id` int(11) NOT NULL auto_increment,
  `shipper_name` varchar(60) NOT NULL default '',
  `phone` varchar(30) NOT NULL default '',
  `phone2` varchar(30) NOT NULL default '',
  `contact` tinytext NOT NULL,
  `address` tinytext NOT NULL,
  `inactive` tinyint(1) NOT NULL default '0',
  PRIMARY KEY (`shipper_id`),
  UNIQUE KEY `name` (`shipper_name`)
) ENGINE=InnoDB ;

--
-- Dumping data for table `0_shippers`
--

INSERT INTO `0_shippers` VALUES
('1', 'Default', '', '', '', '', '0');

-- --------------------------------------------------------

--
-- Table structure for table `0_sql_trail`
--

DROP TABLE IF EXISTS `0_sql_trail`;
CREATE TABLE IF NOT EXISTS `0_sql_trail` (
  `id` int(11) unsigned NOT NULL auto_increment,
  `sql` text NOT NULL,
  `result` tinyint(1) NOT NULL,
  `msg` varchar(255) NOT NULL,
  PRIMARY KEY (`id`)
) ENGINE=InnoDB ;

--
-- Dumping data for table `0_sql_trail`
--

-- --------------------------------------------------------

--
-- Table structure for table `0_stock_category`
--

DROP TABLE IF EXISTS `0_stock_category`;
CREATE TABLE IF NOT EXISTS `0_stock_category` (
  `category_id` int(11) NOT NULL auto_increment,
  `description` varchar(60) NOT NULL default '',
  `dflt_tax_type` int(11) NOT NULL default '1',
  `dflt_units` varchar(20) NOT NULL default 'each',
  `dflt_mb_flag` char(1) NOT NULL default 'B',
  `dflt_sales_act` varchar(15) NOT NULL default '',
  `dflt_cogs_act` varchar(15) NOT NULL default '',
  `dflt_inventory_act` varchar(15) NOT NULL default '',
  `dflt_adjustment_act` varchar(15) NOT NULL default '',
  `dflt_wip_act` varchar(15) NOT NULL default '',
  `dflt_dim1` int(11) default NULL,
  `dflt_dim2` int(11) default NULL,
  `inactive` tinyint(1) NOT NULL default '0',
  `dflt_no_sale` tinyint(1) NOT NULL default '0',
  `dflt_no_purchase` tinyint(1) NOT NULL default '0',
  PRIMARY KEY (`category_id`),
  UNIQUE KEY `description` (`description`)
) ENGINE=InnoDB ;

--
-- Dumping data for table `0_stock_category`
--

INSERT INTO `0_stock_category` VALUES
(1, 'Components', 1, 'pc', 'B', '7100', '8100', '3000', '3000', '1510', 0, 0, 0, 0, 0),
(2, 'Charges',    1, 'pc', 'D', '7100', '8100', '3000', '3000', '1510', 0, 0, 0, 0, 0),
(3, 'Systems',    1, 'pc', 'M', '7100', '8100', '3000', '3000', '1510', 0, 0, 0, 0, 0),
(4, 'Services',   1, 'hr', 'D', '7100', '8100', '3000', '3000', '1510', 0, 0, 0, 0, 0);

-- --------------------------------------------------------

--
-- Structure of table `0_stock_fa_class`
--

DROP TABLE IF EXISTS `0_stock_fa_class`;
CREATE TABLE IF NOT EXISTS `0_stock_fa_class` (
  `fa_class_id` varchar(20) NOT NULL DEFAULT '',
  `parent_id` varchar(20) NOT NULL DEFAULT '',
  `description` varchar(200) NOT NULL DEFAULT '',
  `long_description` tinytext NOT NULL,
  `depreciation_rate` double NOT NULL DEFAULT '0',
  `inactive` tinyint(1) NOT NULL DEFAULT '0',
  PRIMARY KEY (`fa_class_id`)
) ENGINE=InnoDB;

--
-- Dumping data for table `0_stock_fa_class`
--

-- --------------------------------------------------------

--
-- Table structure for table `0_stock_master`
--

DROP TABLE IF EXISTS `0_stock_master`;
CREATE TABLE IF NOT EXISTS `0_stock_master` (
  `stock_id` varchar(20) NOT NULL default '',
  `category_id` int(11) NOT NULL default '0',
  `tax_type_id` int(11) NOT NULL default '0',
  `description` varchar(200) NOT NULL default '',
  `long_description` tinytext NOT NULL,
  `units` varchar(20) NOT NULL default 'each',
  `mb_flag` char(1) NOT NULL default 'B',
  `sales_account` varchar(15) NOT NULL default '',
  `cogs_account` varchar(15) NOT NULL default '',
  `inventory_account` varchar(15) NOT NULL default '',
  `adjustment_account` varchar(15) NOT NULL default '',
  `wip_account` varchar(15) NOT NULL default '',
  `dimension_id` int(11) default NULL,
  `dimension2_id` int(11) default NULL,
  `purchase_cost` double NOT NULL default '0',
  `material_cost` double NOT NULL default '0',
  `labour_cost` double NOT NULL default '0',
  `overhead_cost` double NOT NULL default '0',
  `inactive` tinyint(1) NOT NULL default '0',
  `no_sale` tinyint(1) NOT NULL default '0',
  `no_purchase` tinyint(1) NOT NULL default '0',
  `editable` tinyint(1) NOT NULL default '0',
  `depreciation_method` char(1) NOT NULL DEFAULT 'S',
  `depreciation_rate` double NOT NULL DEFAULT '0',
  `depreciation_factor` double NOT NULL DEFAULT '1',
  `depreciation_start` date NOT NULL DEFAULT '0000-00-00',
  `depreciation_date` date NOT NULL DEFAULT '0000-00-00',
  `fa_class_id` varchar(20) NOT NULL DEFAULT '',
  PRIMARY KEY (`stock_id`)
) ENGINE=InnoDB ;

--
-- Dumping data for table `0_stock_master`
--

-- --------------------------------------------------------

--
-- Table structure for table `0_stock_moves`
--

DROP TABLE IF EXISTS `0_stock_moves`;
CREATE TABLE IF NOT EXISTS `0_stock_moves` (
  `trans_id` int(11) NOT NULL AUTO_INCREMENT,
  `trans_no` int(11) NOT NULL DEFAULT '0',
  `stock_id` char(20) NOT NULL DEFAULT '',
  `type` smallint(6) NOT NULL DEFAULT '0',
  `loc_code` char(5) NOT NULL DEFAULT '',
  `tran_date` date NOT NULL DEFAULT '0000-00-00',
  `price` double NOT NULL DEFAULT '0',
  `reference` char(40) NOT NULL DEFAULT '',
  `qty` double NOT NULL DEFAULT '1',
  `standard_cost` double NOT NULL DEFAULT '0',
  PRIMARY KEY (`trans_id`),
  KEY `type` (`type`,`trans_no`),
  KEY `Move` (`stock_id`,`loc_code`,`tran_date`)
) ENGINE=InnoDB ;

--
-- Dumping data for table `0_stock_moves`
--

-- --------------------------------------------------------

--
-- Table structure for table `0_suppliers`
--

DROP TABLE IF EXISTS `0_suppliers`;
CREATE TABLE IF NOT EXISTS `0_suppliers` (
  `supplier_id` int(11) NOT NULL auto_increment,
  `supp_name` varchar(60) NOT NULL default '',
  `supp_ref` varchar(30) NOT NULL default '',
  `address` tinytext NOT NULL,
  `supp_address` tinytext NOT NULL,
  `gst_no` varchar(25) NOT NULL default '',
  `contact` varchar(60) NOT NULL default '',
  `supp_account_no` varchar(40) NOT NULL default '',
  `website` varchar(100) NOT NULL default '',
  `bank_account` varchar(60) NOT NULL default '',
  `curr_code` char(3) default NULL,
  `payment_terms` int(11) default NULL,
  `tax_included` tinyint(1) NOT NULL default '0',
  `dimension_id` int(11) default '0',
  `dimension2_id` int(11) default '0',
  `tax_group_id` int(11) default NULL,
  `credit_limit` double NOT NULL default '0',
  `purchase_account` varchar(15) NOT NULL default '',
  `payable_account` varchar(15) NOT NULL default '',
  `payment_discount_account` varchar(15) NOT NULL default '',
  `notes` tinytext NOT NULL,
  `inactive` tinyint(1) NOT NULL default '0',
  PRIMARY KEY (`supplier_id`),
  KEY `supp_ref` (`supp_ref`)
) ENGINE=InnoDB ;

--
-- Dumping data for table `0_suppliers`
--

-- --------------------------------------------------------

--
-- Table structure for table `0_supp_allocations`
--

DROP TABLE IF EXISTS `0_supp_allocations`;
CREATE TABLE IF NOT EXISTS `0_supp_allocations` (
  `id` int(11) NOT NULL auto_increment,
  `person_id` int(11) DEFAULT NULL,
  `amt` double unsigned default NULL,
  `date_alloc` date NOT NULL default '0000-00-00',
  `trans_no_from` int(11) default NULL,
  `trans_type_from` int(11) default NULL,
  `trans_no_to` int(11) default NULL,
  `trans_type_to` int(11) default NULL,
  PRIMARY KEY (`id`),
  UNIQUE KEY `trans_type_from` (`person_id`,`trans_type_from`,`trans_no_from`,`trans_type_to`,`trans_no_to`),
  KEY `From` (`trans_type_from`,`trans_no_from`),
  KEY `To` (`trans_type_to`,`trans_no_to`)
) ENGINE=InnoDB ;

--
-- Dumping data for table `0_supp_allocations`
--

-- --------------------------------------------------------

--
-- Table structure for table `0_supp_invoice_items`
--

DROP TABLE IF EXISTS `0_supp_invoice_items`;
CREATE TABLE IF NOT EXISTS `0_supp_invoice_items` (
  `id` int(11) NOT NULL auto_increment,
  `supp_trans_no` int(11) default NULL,
  `supp_trans_type` int(11) default NULL,
  `gl_code` varchar(15) NOT NULL default '',
  `grn_item_id` int(11) default NULL,
  `po_detail_item_id` int(11) default NULL,
  `stock_id` varchar(20) NOT NULL default '',
  `description` tinytext,
  `quantity` double NOT NULL default '0',
  `unit_price` double NOT NULL default '0',
  `unit_tax` double NOT NULL default '0',
  `memo_` tinytext,
  `dimension_id` int(11) NOT NULL DEFAULT '0',
  `dimension2_id` int(11) NOT NULL DEFAULT '0',
  PRIMARY KEY (`id`),
  KEY `Transaction` (`supp_trans_type`,`supp_trans_no`,`stock_id`)
) ENGINE=InnoDB ;

--
-- Dumping data for table `0_supp_invoice_items`
--

-- --------------------------------------------------------

--
-- Table structure for table `0_supp_trans`
--

DROP TABLE IF EXISTS `0_supp_trans`;
CREATE TABLE IF NOT EXISTS `0_supp_trans` (
  `trans_no` int(11) unsigned NOT NULL default '0',
  `type` smallint(6) unsigned NOT NULL default '0',
  `supplier_id` int(11) unsigned default NULL,
  `reference` tinytext NOT NULL,
  `supp_reference` varchar(60) NOT NULL default '',
  `tran_date` date NOT NULL default '0000-00-00',
  `due_date` date NOT NULL default '0000-00-00',
  `ov_amount` double NOT NULL default '0',
  `ov_discount` double NOT NULL default '0',
  `ov_gst` double NOT NULL default '0',
  `rate` double NOT NULL default '1',
  `alloc` double NOT NULL default '0',
  `tax_included` tinyint(1) NOT NULL default '0',
  PRIMARY KEY (`type`,`trans_no`,`supplier_id`),
  KEY `supplier_id` (`supplier_id`),
  KEY `tran_date` (`tran_date`)
) ENGINE=InnoDB ;

--
-- Dumping data for table `0_supp_trans`
--

-- --------------------------------------------------------

--
-- Table structure for table `0_sys_prefs`
--

DROP TABLE IF EXISTS `0_sys_prefs`;
CREATE TABLE IF NOT EXISTS `0_sys_prefs` (
  `name` varchar(35) NOT NULL default '',
  `category` varchar(30) default NULL,
  `type` varchar(20) NOT NULL default '',
  `length` smallint(6) default NULL,
  `value` TEXT NOT NULL DEFAULT '',
  PRIMARY KEY (`name`),
  KEY `category` (`category`)
) ENGINE=InnoDB ;

--
-- Dumping data for table `0_sys_prefs`
--

INSERT INTO `0_sys_prefs` VALUES
('accounts_alpha', 'glsetup.general', 'tinyint', '1', '0'),
('accumulate_shipping', 'glsetup.customer', 'tinyint', '1', '0'),
('add_pct', 'setup.company', 'int', '5', '-1'),
('allow_negative_prices', 'glsetup.inventory', 'tinyint', '1', '1'),
('allow_negative_stock', 'glsetup.inventory', 'tinyint', '1', '0'),
('alternative_tax_include_on_docs', 'setup.company', 'tinyint', '1', '0'),
('auto_curr_reval', 'setup.company', 'smallint', '6', ''),
('bank_charge_act', 'glsetup.general', 'varchar', '15', '1100'),
('barcodes_on_stock','setup.company', 'tinyint', 1, '0'),
('base_sales', 'setup.company', 'int', '11', '1'),
('bcc_email', 'setup.company', 'varchar', '100', ''),
('company_logo_report', 'setup.company', 'tinyint', '1', '0'),
('coy_logo', 'setup.company', 'varchar', '100', ''),
('coy_name', 'setup.company', 'varchar', '60', 'Company name'),
('coy_no', 'setup.company', 'varchar', '25', ''),
('creditors_act', 'glsetup.purchase', 'varchar', '15', '5020'),
('curr_default', 'setup.company', 'char', '3', 'PHP'),
('debtors_act', 'glsetup.sales', 'varchar', '15', '2000'),
('default_adj_act', 'glsetup.items', 'varchar', '15', '3000'),
('default_cogs_act', 'glsetup.items', 'varchar', '15', '8100'),
('default_credit_limit', 'glsetup.customer', 'int', '11', '100000'),
('default_delivery_required', 'glsetup.sales', 'smallint', '6', '1'),
('default_dim_required', 'glsetup.dims', 'int', '11', '20'),
('default_inv_sales_act', 'glsetup.items', 'varchar', '15', '7100'),
('default_inventory_act', 'glsetup.items', 'varchar', '15', '3000'),
('default_loss_on_asset_disposal_act', 'glsetup.items', 'varchar', '15', '5660'),
('default_prompt_payment_act', 'glsetup.sales', 'varchar', '15', '3099'),
('default_quote_valid_days', 'glsetup.sales', 'smallint', '6', '30'),
('default_receival_required', 'glsetup.purchase', 'smallint', '6', '10'),
('default_sales_act', 'glsetup.sales', 'varchar', '15', '7100'),
('default_sales_discount_act', 'glsetup.sales', 'varchar', '15', '7800'),
('default_wip_act', 'glsetup.items', 'varchar', '15', '3000'),
('default_workorder_required', 'glsetup.manuf', 'int', '11', '20'),
('deferred_income_act', 'glsetup.sales', 'varchar', '15', ''),
('depreciation_period', 'glsetup.company', 'tinyint', '1', '1'),
('dim_on_recurrent_invoice','setup.company', 'tinyint', 1, '0'),
('domicile', 'setup.company', 'varchar', '55', ''),
('email', 'setup.company', 'varchar', '100', ''),
('exchange_diff_act', 'glsetup.general', 'varchar', '15', '9750'),
('f_year', 'setup.company', 'int', '11', '1'),
('fax', 'setup.company', 'varchar', '30', ''),
('freight_act', 'glsetup.customer', 'varchar', '15', '9780'),
('gl_closing_date', 'setup.closing_date', 'date', '8', ''),
('grn_clearing_act', 'glsetup.purchase', 'varchar', '15', '3000'),
('gst_no', 'setup.company', 'varchar', '25', ''),
('legal_text', 'glsetup.customer', 'tinytext', '0', ''),
('loc_notification', 'glsetup.inventory', 'tinyint', '1', '0'),
('login_tout', 'setup.company', 'smallint', '6', '600'),
('long_description_invoice','setup.company', 'tinyint', 1, '0'),
('no_customer_list', 'setup.company', 'tinyint', '1', '0'),
('no_item_list', 'setup.company', 'tinyint', '1', '0'),
('no_supplier_list', 'setup.company', 'tinyint', '1', '0'),
('no_zero_lines_amount', 'glsetup.sales', 'tinyint', '1', '1'),
('past_due_days', 'glsetup.general', 'int', '11', '30'),
('phone', 'setup.company', 'varchar', '30', ''),
('po_over_charge', 'glsetup.purchase', 'int', '11', '10'),
('po_over_receive', 'glsetup.purchase', 'int', '11', '10'),
('postal_address', 'setup.company', 'tinytext', '0', 'N/A'),
('print_invoice_no', 'glsetup.sales', 'tinyint', '1', '0'),
('print_item_images_on_quote', 'glsetup.inventory', 'tinyint', '1', '0'),
('profit_loss_year_act', 'glsetup.general', 'varchar', '15', '1100'),
('pyt_discount_act', 'glsetup.purchase', 'varchar', '15', '3099'),
('ref_no_auto_increase','setup.company', 'tinyint', 1, '0'),
('retained_earnings_act', 'glsetup.general', 'varchar', '15', '6900'),
('round_to', 'setup.company', 'int', '5', '1'),
('shortname_name_in_list', 'setup.company', 'tinyint', '1', '0'),
('show_po_item_codes', 'glsetup.purchase', 'tinyint', '1', '0'),
('suppress_tax_rates', 'setup.company', 'tinyint', '1', '0'),
('tax_algorithm', 'glsetup.customer', 'tinyint', '1', '1'),
('tax_last', 'setup.company', 'int', '11', '1'),
('tax_prd', 'setup.company', 'int', '11', '1'),
('time_zone', 'setup.company', 'tinyint', '1', '0'),
('use_dimension', 'setup.company', 'tinyint', '1', '1'),
('use_fixed_assets', 'setup.company', 'tinyint', '1', '1'),
('use_manufacturing', 'setup.company', 'tinyint', '1', '1'),
('version_id', 'system', 'varchar', '11', '2.4.1');

-- --------------------------------------------------------

--
-- Table structure for table `0_tags`
--

DROP TABLE IF EXISTS `0_tags`;
CREATE TABLE IF NOT EXISTS `0_tags` (
  `id` int(11) NOT NULL auto_increment,
  `type` smallint(6) NOT NULL,
  `name` varchar(30) NOT NULL,
  `description` varchar(60) default NULL,
  `inactive` tinyint(1) NOT NULL default '0',
  PRIMARY KEY (`id`),
  UNIQUE KEY `type` (`type`,`name`)
) ENGINE=InnoDB ;

--
-- Dumping data for table `0_tags`
--

-- --------------------------------------------------------

--
-- Table structure for table `0_tag_associations`
--

DROP TABLE IF EXISTS `0_tag_associations`;
CREATE TABLE IF NOT EXISTS `0_tag_associations` (
  `record_id` varchar(15) NOT NULL,
  `tag_id` int(11) NOT NULL,
  UNIQUE KEY `record_id` (`record_id`,`tag_id`)
) ENGINE=InnoDB ;

--
-- Dumping data for table `0_tag_associations`
--

-- --------------------------------------------------------

--
-- Table structure for table `0_tax_groups`
--

DROP TABLE IF EXISTS `0_tax_groups`;
CREATE TABLE IF NOT EXISTS `0_tax_groups` (
  `id` int(11) NOT NULL auto_increment,
  `name` varchar(60) NOT NULL default '',
  `inactive` tinyint(1) NOT NULL default '0',
  PRIMARY KEY (`id`),
  UNIQUE KEY `name` (`name`)
) ENGINE=InnoDB ;

--
-- Dumping data for table `0_tax_groups`
--

INSERT INTO `0_tax_groups` VALUES
('1', 'Tax', '0'),
('2', 'Tax Exempt', '0');

-- --------------------------------------------------------

--
-- Table structure for table `0_tax_group_items`
--

DROP TABLE IF EXISTS `0_tax_group_items`;
CREATE TABLE IF NOT EXISTS `0_tax_group_items` (
  `tax_group_id` int(11) NOT NULL default '0',
  `tax_type_id` int(11) NOT NULL default '0',
  `tax_shipping` tinyint(1) NOT NULL default '0',
  PRIMARY KEY (`tax_group_id`,`tax_type_id`)
) ENGINE=InnoDB ;

--
-- Dumping data for table `0_tax_group_items`
--

INSERT INTO `0_tax_group_items` VALUES
('1', '1', '0');

-- --------------------------------------------------------

--
-- Table structure for table `0_tax_types`
--

DROP TABLE IF EXISTS `0_tax_types`;
CREATE TABLE IF NOT EXISTS `0_tax_types` (
  `id` int(11) NOT NULL auto_increment,
  `rate` double NOT NULL default '0',
  `sales_gl_code` varchar(15) NOT NULL default '',
  `purchasing_gl_code` varchar(15) NOT NULL default '',
  `name` varchar(60) NOT NULL default '',
  `inactive` tinyint(1) NOT NULL default '0',
  PRIMARY KEY (`id`),
  UNIQUE KEY `name` (`name`,`rate`)
) ENGINE=InnoDB ;

--
-- Dumping data for table `0_tax_types`
--

INSERT INTO `0_tax_types` VALUES
('1', '12', '5080', '3200', 'VAT', '0');

-- --------------------------------------------------------

--
-- Table structure for table `0_trans_tax_details`
--

DROP TABLE IF EXISTS `0_trans_tax_details`;
CREATE TABLE IF NOT EXISTS `0_trans_tax_details` (
  `id` int(11) NOT NULL auto_increment,
  `trans_type` smallint(6) default NULL,
  `trans_no` int(11) default NULL,
  `tran_date` date NOT NULL,
  `tax_type_id` int(11) NOT NULL default '0',
  `rate` double NOT NULL default '0',
  `ex_rate` double NOT NULL default '1',
  `included_in_price` tinyint(1) NOT NULL default '0',
  `net_amount` double NOT NULL default '0',
  `amount` double NOT NULL default '0',
  `memo` tinytext,
  `reg_type` tinyint(1) default NULL,
  PRIMARY KEY (`id`),
  KEY `Type_and_Number` (`trans_type`,`trans_no`),
  KEY `tran_date` (`tran_date`)
) ENGINE=InnoDB ;

--
-- Dumping data for table `0_trans_tax_details`
--

-- --------------------------------------------------------

--
-- Table structure for table `0_useronline`
--

DROP TABLE IF EXISTS `0_useronline`;
CREATE TABLE IF NOT EXISTS `0_useronline` (
  `id` int(11) NOT NULL auto_increment,
  `timestamp` int(15) NOT NULL default '0',
  `ip` varchar(40) NOT NULL default '',
  `file` varchar(100) NOT NULL default '',
  PRIMARY KEY (`id`),
  KEY `timestamp` (`timestamp`),
  KEY `ip` (`ip`)
) ENGINE=InnoDB ;

--
-- Dumping data for table `0_useronline`
--

-- --------------------------------------------------------

--
-- Table structure for table `0_users`
--

DROP TABLE IF EXISTS `0_users`;
CREATE TABLE IF NOT EXISTS `0_users` (
  `id` smallint(6) NOT NULL auto_increment,
  `user_id` varchar(60) NOT NULL default '',
  `password` varchar(100) NOT NULL default '',
  `real_name` varchar(100) NOT NULL default '',
  `role_id` int(11) NOT NULL default '1',
  `phone` varchar(30) NOT NULL default '',
  `email` varchar(100) default NULL,
  `language` varchar(20) default NULL,
  `date_format` tinyint(1) NOT NULL default '0',
  `date_sep` tinyint(1) NOT NULL default '0',
  `tho_sep` tinyint(1) NOT NULL default '0',
  `dec_sep` tinyint(1) NOT NULL default '0',
  `theme` varchar(20) NOT NULL default 'default',
  `page_size` varchar(20) NOT NULL default 'A4',
  `prices_dec` smallint(6) NOT NULL default '2',
  `qty_dec` smallint(6) NOT NULL default '2',
  `rates_dec` smallint(6) NOT NULL default '4',
  `percent_dec` smallint(6) NOT NULL default '1',
  `show_gl` tinyint(1) NOT NULL default '1',
  `show_codes` tinyint(1) NOT NULL default '0',
  `show_hints` tinyint(1) NOT NULL default '0',
  `last_visit_date` datetime default NULL,
  `query_size` tinyint(1) unsigned NOT NULL default '10',
  `graphic_links` tinyint(1) default '1',
  `pos` smallint(6) default '1',
  `print_profile` varchar(30) NOT NULL default '',
  `rep_popup` tinyint(1) default '1',
  `sticky_doc_date` tinyint(1) default '0',
  `startup_tab` varchar(20) NOT NULL default '',
  `transaction_days` smallint(6) NOT NULL default '30',
  `save_report_selections` smallint(6) NOT NULL default '0',
  `use_date_picker` tinyint(1) NOT NULL default '1',
  `def_print_destination` tinyint(1) NOT NULL default '0',
  `def_print_orientation` tinyint(1) NOT NULL default '0',
  `inactive` tinyint(1) NOT NULL default '0',
  PRIMARY KEY (`id`),
  UNIQUE KEY `user_id` (`user_id`)
) ENGINE=InnoDB ;

--
-- Dumping data for table `0_users`
--

INSERT INTO `0_users` VALUES
('1', 'admin', '5f4dcc3b5aa765d61d8327deb882cf99', 'Administrator', '2', '', 'admin@example.com', 'en_GB', '1', '2', '0', '0', 'default', 'A4', '2', '2', '4', '1', '1', '1', '1', '2017-001-01 12:30:00', '10', '1', '1', '', '1', '0', 'orders', '30', '0', '1', '0', '0', '0');

-- --------------------------------------------------------

--
-- Table structure for table `0_voided`
--

DROP TABLE IF EXISTS `0_voided`;
CREATE TABLE IF NOT EXISTS `0_voided` (
  `type` int(11) NOT NULL default '0',
  `id` int(11) NOT NULL default '0',
  `date_` date NOT NULL default '0000-00-00',
  `memo_` tinytext NOT NULL,
  UNIQUE KEY `id` (`type`,`id`)
) ENGINE=InnoDB ;

--
-- Dumping data for table `0_voided`
--

-- --------------------------------------------------------

--
-- Table structure for table `0_workcentres`
--

DROP TABLE IF EXISTS `0_workcentres`;
CREATE TABLE IF NOT EXISTS `0_workcentres` (
  `id` int(11) NOT NULL auto_increment,
  `name` char(40) NOT NULL default '',
  `description` char(50) NOT NULL default '',
  `inactive` tinyint(1) NOT NULL default '0',
  PRIMARY KEY (`id`),
  UNIQUE KEY `name` (`name`)
) ENGINE=InnoDB ;

--
-- Dumping data for table `0_workcentres`
--

-- --------------------------------------------------------

--
-- Table structure for table `0_workorders`
--

DROP TABLE IF EXISTS `0_workorders`;
CREATE TABLE IF NOT EXISTS `0_workorders` (
  `id` int(11) NOT NULL auto_increment,
  `wo_ref` varchar(60) NOT NULL default '',
  `loc_code` varchar(5) NOT NULL default '',
  `units_reqd` double NOT NULL default '1',
  `stock_id` varchar(20) NOT NULL default '',
  `date_` date NOT NULL default '0000-00-00',
  `type` tinyint(4) NOT NULL default '0',
  `required_by` date NOT NULL default '0000-00-00',
  `released_date` date NOT NULL default '0000-00-00',
  `units_issued` double NOT NULL default '0',
  `closed` tinyint(1) NOT NULL default '0',
  `released` tinyint(1) NOT NULL default '0',
  `additional_costs` double NOT NULL default '0',
  PRIMARY KEY (`id`),
  UNIQUE KEY `wo_ref` (`wo_ref`)
) ENGINE=InnoDB ;

--
-- Dumping data for table `0_workorders`
--

-- --------------------------------------------------------

--
-- Table structure for table `0_wo_costing`
--

DROP TABLE IF EXISTS `0_wo_costing`;
CREATE TABLE IF NOT EXISTS `0_wo_costing` (
  `id` int(11) NOT NULL auto_increment,
  `workorder_id` int(11) NOT NULL default '0',
  `cost_type` tinyint(1) NOT NULL default '0',
  `trans_type` int(11) NOT NULL default '0',
  `trans_no` int(11) NOT NULL default '0',
  `factor` double NOT NULL default '1',
  PRIMARY KEY (`id`)
) ENGINE=InnoDB ;

--
-- Dumping data for table `0_wo_costing`
--

-- --------------------------------------------------------

--
-- Table structure for table `0_wo_issues`
--

DROP TABLE IF EXISTS `0_wo_issues`;
CREATE TABLE IF NOT EXISTS `0_wo_issues` (
  `issue_no` int(11) NOT NULL auto_increment,
  `workorder_id` int(11) NOT NULL default '0',
  `reference` varchar(100) default NULL,
  `issue_date` date default NULL,
  `loc_code` varchar(5) default NULL,
  `workcentre_id` int(11) default NULL,
  PRIMARY KEY (`issue_no`),
  KEY `workorder_id` (`workorder_id`)
) ENGINE=InnoDB ;

--
-- Dumping data for table `0_wo_issues`
--

-- --------------------------------------------------------

--
-- Table structure for table `0_wo_issue_items`
--

DROP TABLE IF EXISTS `0_wo_issue_items`;
CREATE TABLE IF NOT EXISTS `0_wo_issue_items` (
  `id` int(11) NOT NULL auto_increment,
  `stock_id` varchar(40) default NULL,
  `issue_id` int(11) default NULL,
  `qty_issued` double default NULL,
  `unit_cost` double NOT NULL default '0',
  PRIMARY KEY (`id`)
) ENGINE=InnoDB ;

--
-- Dumping data for table `0_wo_issue_items`
--

-- --------------------------------------------------------

--
-- Table structure for table `0_wo_manufacture`
--

DROP TABLE IF EXISTS `0_wo_manufacture`;
CREATE TABLE IF NOT EXISTS `0_wo_manufacture` (
  `id` int(11) NOT NULL auto_increment,
  `reference` varchar(100) default NULL,
  `workorder_id` int(11) NOT NULL default '0',
  `quantity` double NOT NULL default '0',
  `date_` date NOT NULL default '0000-00-00',
  PRIMARY KEY (`id`),
  KEY `workorder_id` (`workorder_id`)
) ENGINE=InnoDB ;

--
-- Dumping data for table `0_wo_manufacture`
--

-- --------------------------------------------------------

--
-- Table structure for table `0_wo_requirements`
--

DROP TABLE IF EXISTS `0_wo_requirements`;
CREATE TABLE IF NOT EXISTS `0_wo_requirements` (
  `id` int(11) NOT NULL auto_increment,
  `workorder_id` int(11) NOT NULL default '0',
  `stock_id` char(20) NOT NULL default '',
  `workcentre` int(11) NOT NULL default '0',
  `units_req` double NOT NULL default '1',
  `unit_cost` double NOT NULL default '0',
  `loc_code` char(5) NOT NULL default '',
  `units_issued` double NOT NULL default '0',
  PRIMARY KEY (`id`),
  KEY `workorder_id` (`workorder_id`)
) ENGINE=InnoDB ;

--
-- Dumping data for table `0_wo_requirements`
--

