# MySQL dump of database 'faupgrade' on host 'localhost'
# Backup Date and Time: 2016-02-23 16:58
# Built by FrontAccounting 2.4.RC1
# http://frontaccounting.com
# Company: Training Co.
# User: 

# Compatibility: 2.4.1


SET NAMES latin1;


### Structure of table `0_areas` ###

DROP TABLE IF EXISTS `0_areas`;

CREATE TABLE `0_areas` (
  `area_code` int(11) NOT NULL AUTO_INCREMENT,
  `description` varchar(60) NOT NULL DEFAULT '',
  `inactive` tinyint(1) NOT NULL DEFAULT '0',
  PRIMARY KEY (`area_code`),
  UNIQUE KEY `description` (`description`)
) ENGINE=InnoDB AUTO_INCREMENT=2 ;

### Data of table `0_areas` ###

INSERT INTO `0_areas` VALUES
('1', 'Global', '0');

### Structure of table `0_attachments` ###

DROP TABLE IF EXISTS `0_attachments`;

CREATE TABLE `0_attachments` (
  `id` int(11) unsigned NOT NULL AUTO_INCREMENT,
  `description` varchar(60) NOT NULL DEFAULT '',
  `type_no` int(11) NOT NULL DEFAULT '0',
  `trans_no` int(11) NOT NULL DEFAULT '0',
  `unique_name` varchar(60) NOT NULL DEFAULT '',
  `tran_date` date NOT NULL DEFAULT '0000-00-00',
  `filename` varchar(60) NOT NULL DEFAULT '',
  `filesize` int(11) NOT NULL DEFAULT '0',
  `filetype` varchar(60) NOT NULL DEFAULT '',
  PRIMARY KEY (`id`),
  KEY `type_no` (`type_no`,`trans_no`)
) ENGINE=InnoDB ;

### Data of table `0_attachments` ###


### Structure of table `0_audit_trail` ###

DROP TABLE IF EXISTS `0_audit_trail`;

CREATE TABLE `0_audit_trail` (
  `id` int(11) NOT NULL AUTO_INCREMENT,
  `type` smallint(6) unsigned NOT NULL DEFAULT '0',
  `trans_no` int(11) unsigned NOT NULL DEFAULT '0',
  `user` smallint(6) unsigned NOT NULL DEFAULT '0',
  `stamp` timestamp NOT NULL DEFAULT CURRENT_TIMESTAMP ON UPDATE CURRENT_TIMESTAMP,
  `description` varchar(60) DEFAULT NULL,
  `fiscal_year` int(11) NOT NULL DEFAULT '0',
  `gl_date` date NOT NULL DEFAULT '0000-00-00',
  `gl_seq` int(11) unsigned DEFAULT NULL,
  PRIMARY KEY (`id`),
  KEY `Seq` (`fiscal_year`,`gl_date`,`gl_seq`),
  KEY `Type_and_Number` (`type`,`trans_no`)
) ENGINE=InnoDB ;

### Data of table `0_audit_trail` ###


### Structure of table `0_bank_accounts` ###

DROP TABLE IF EXISTS `0_bank_accounts`;

CREATE TABLE `0_bank_accounts` (
  `account_code` varchar(15) NOT NULL DEFAULT '',
  `account_type` smallint(6) NOT NULL DEFAULT '0',
  `bank_account_name` varchar(60) NOT NULL DEFAULT '',
  `bank_account_number` varchar(100) NOT NULL DEFAULT '',
  `bank_name` varchar(60) NOT NULL DEFAULT '',
  `bank_address` tinytext,
  `bank_curr_code` char(3) NOT NULL DEFAULT '',
  `dflt_curr_act` tinyint(1) NOT NULL DEFAULT '0',
  `id` smallint(6) NOT NULL AUTO_INCREMENT,
  `bank_charge_act` varchar(15) NOT NULL DEFAULT '',
  `last_reconciled_date` timestamp NOT NULL DEFAULT '0000-00-00 00:00:00',
  `ending_reconcile_balance` double NOT NULL DEFAULT '0',
  `inactive` tinyint(1) NOT NULL DEFAULT '0',
  PRIMARY KEY (`id`),
  KEY `bank_account_name` (`bank_account_name`),
  KEY `bank_account_number` (`bank_account_number`),
  KEY `account_code` (`account_code`)
) ENGINE=InnoDB AUTO_INCREMENT=3 ;

### Data of table `0_bank_accounts` ###

INSERT INTO `0_bank_accounts` VALUES
('1010', '0', 'Cash in bank', 'N/A', 'N/A', NULL, 'USD', '1', '1', '8250', '0000-00-00 00:00:00', '0', '0'),
('1040', '3', 'Petty Cash', 'N/A', 'N/A', NULL, 'USD', '0', '2', '8250', '0000-00-00 00:00:00', '0', '0');

### Structure of table `0_bank_trans` ###

DROP TABLE IF EXISTS `0_bank_trans`;

CREATE TABLE `0_bank_trans` (
  `id` int(11) NOT NULL AUTO_INCREMENT,
  `type` smallint(6) DEFAULT NULL,
  `trans_no` int(11) DEFAULT NULL,
  `bank_act` varchar(15) NOT NULL DEFAULT '',
  `ref` varchar(40) DEFAULT NULL,
  `trans_date` date NOT NULL DEFAULT '0000-00-00',
  `amount` double DEFAULT NULL,
  `dimension_id` int(11) NOT NULL DEFAULT '0',
  `dimension2_id` int(11) NOT NULL DEFAULT '0',
  `person_type_id` int(11) NOT NULL DEFAULT '0',
  `person_id` tinyblob,
  `reconciled` date DEFAULT NULL,
  PRIMARY KEY (`id`),
  KEY `bank_act` (`bank_act`,`ref`),
  KEY `type` (`type`,`trans_no`),
  KEY `bank_act_2` (`bank_act`,`reconciled`),
  KEY `bank_act_3` (`bank_act`,`trans_date`)
) ENGINE=InnoDB ;

### Data of table `0_bank_trans` ###


### Structure of table `0_bom` ###

DROP TABLE IF EXISTS `0_bom`;

CREATE TABLE `0_bom` (
  `id` int(11) NOT NULL AUTO_INCREMENT,
  `parent` char(20) NOT NULL DEFAULT '',
  `component` char(20) NOT NULL DEFAULT '',
  `workcentre_added` int(11) NOT NULL DEFAULT '0',
  `loc_code` char(5) NOT NULL DEFAULT '',
  `quantity` double NOT NULL DEFAULT '1',
  PRIMARY KEY (`parent`,`component`,`workcentre_added`,`loc_code`),
  KEY `component` (`component`),
  KEY `id` (`id`),
  KEY `loc_code` (`loc_code`),
  KEY `parent` (`parent`,`loc_code`),
  KEY `workcentre_added` (`workcentre_added`)
) ENGINE=InnoDB ;

### Data of table `0_bom` ###


### Structure of table `0_budget_trans` ###

DROP TABLE IF EXISTS `0_budget_trans`;

CREATE TABLE `0_budget_trans` (
  `id` int(11) NOT NULL AUTO_INCREMENT,
  `tran_date` date NOT NULL DEFAULT '0000-00-00',
  `account` varchar(15) NOT NULL DEFAULT '',
  `amount` double NOT NULL DEFAULT '0',
  `dimension_id` int(11) DEFAULT '0',
  `dimension2_id` int(11) DEFAULT '0',
  PRIMARY KEY (`id`),
  KEY `Account` (`account`,`tran_date`,`dimension_id`,`dimension2_id`)
) ENGINE=InnoDB ;

### Data of table `0_budget_trans` ###


### Structure of table `0_chart_class` ###

DROP TABLE IF EXISTS `0_chart_class`;

CREATE TABLE `0_chart_class` (
  `cid` varchar(3) NOT NULL,
  `class_name` varchar(60) NOT NULL DEFAULT '',
  `ctype` tinyint(1) NOT NULL DEFAULT '0',
  `inactive` tinyint(1) NOT NULL DEFAULT '0',
  PRIMARY KEY (`cid`)
) ENGINE=InnoDB ;

### Data of table `0_chart_class` ###

INSERT INTO `0_chart_class` VALUES
('1', 'Assets', '1', '0'),
('2', 'Liabilities', '2', '0'),
('3', 'Income', '4', '0'),
('4', 'Costs', '6', '0');

### Structure of table `0_chart_master` ###

DROP TABLE IF EXISTS `0_chart_master`;

CREATE TABLE `0_chart_master` (
  `account_code` varchar(15) NOT NULL DEFAULT '',
  `account_code2` varchar(15) NOT NULL DEFAULT '',
  `account_name` varchar(60) NOT NULL DEFAULT '',
  `account_type` varchar(10) NOT NULL DEFAULT '0',
  `inactive` tinyint(1) NOT NULL DEFAULT '0',
  PRIMARY KEY (`account_code`),
  KEY `account_name` (`account_name`),
  KEY `accounts_by_type` (`account_type`,`account_code`)
) ENGINE=InnoDB ;

### Data of table `0_chart_master` ###

INSERT INTO `0_chart_master` VALUES
('1000', '', 'Cash', '1', '0'),
('1010', '', 'Cash in bank-operating', '1', '0'),
('1020', '', 'Cash in bank-payroll', '1', '0'),
('1040', '', 'Petty cash', '1', '0'),
('1070', '', 'Cash in bank-capital', '1', '0'),
('1100', '', 'Accounts receivable', '1', '0'),
('1110', '', 'Accounts receivable', '1', '0'),
('1115', '', 'Doubtful accounts allowance', '1', '0'),
('1200', '', 'Contributions receivable', '1', '0'),
('1210', '', 'Pledges receivable', '1', '0'),
('1215', '', 'Doubtful pledges allowance', '1', '0'),
('1225', '', 'Discounts - long-term pledges', '1', '0'),
('1240', '', 'Grants receivable', '1', '0'),
('1245', '', 'Discounts - long-term grants', '1', '0'),
('1300', '', 'Other receivables', '1', '0'),
('1310', '', 'Employee &amp; trustee receivables', '1', '0'),
('1320', '', 'Notes/loans receivable', '1', '0'),
('1325', '', 'Doubtful notes/loans allowance', '1', '0'),
('1400', '', 'Other assets', '1', '0'),
('1410', '', 'Inventories for sale', '1', '0'),
('1420', '', 'Inventories for use', '1', '0'),
('1450', '', 'Prepaid expenses', '1', '0'),
('1460', '', 'Accrued revenues', '1', '0'),
('1500', '', 'Investments', '1', '0'),
('1510', '', 'Marketable securities ', '1', '0'),
('1530', '', 'Land held for investment', '1', '0'),
('1540', '', 'Buildings held for investment', '1', '0'),
('1545', '', 'Accum deprec - bldg investment', '1', '0'),
('1580', '', 'Investments - other', '1', '0'),
('1600', '', 'Fixed operating assets', '1', '0'),
('1610', '', 'Land - operating', '1', '0'),
('1620', '', 'Buildings - operating', '1', '0'),
('1630', '', 'Leasehold improvements', '1', '0'),
('1640', '', 'Furniture, fixtures, &amp; equip', '1', '0'),
('1650', '', 'Vehicles', '1', '0'),
('1680', '', 'Construction in progress', '1', '0'),
('1700', '', 'Accumulated depreciation', '1', '0'),
('1725', '', 'Accum deprec - building', '1', '0'),
('1735', '', 'Accum amort - leasehold improvements', '1', '0'),
('1745', '', 'Accum deprec - furn,fix,equip', '1', '0'),
('1755', '', 'Accum deprec - vehicles', '1', '0'),
('1800', '', 'Other long-term assets', '1', '0'),
('1810', '', 'Other long-term assets', '1', '0'),
('1850', '', 'Split-interest agreements', '1', '0'),
('1910', '', 'Collections - art, etc', '1', '0'),
('1950', '', 'Funds held in trust by others', '1', '0'),
('2000', '', 'Payables', '2', '0'),
('2010', '', 'Accounts payable', '2', '0'),
('2020', '', 'Grants &amp; allocations payable', '2', '0'),
('2100', '', 'Accrued liabilities', '2', '0'),
('2110', '', 'Accrued payroll', '2', '0'),
('2120', '', 'Accrued paid leave', '2', '0'),
('2130', '', 'Accrued payroll taxes', '2', '0'),
('2140', '', 'Accrued sales taxes', '2', '0'),
('2150', '', 'Accrued expenses - other', '2', '0'),
('2300', '', 'Deferred revenue', '2', '0'),
('2310', '', 'Deferred contract revenue', '2', '0'),
('2350', '', 'Unearned/deferred revenue - other', '2', '0'),
('2400', '', 'Advances', '2', '0'),
('2410', '', 'Refundable advances', '2', '0'),
('2500', '', 'Short-term notes', '2', '0'),
('2510', '', 'Trustee &amp; employee loans payable', '2', '0'),
('2550', '', 'Line of Credit', '2', '0'),
('2560', '', 'Current portion - long-term loan', '2', '0'),
('2570', '', 'Short-term liabilities - other', '2', '0'),
('2610', '', 'Split-interest liabilities', '2', '0'),
('2700', '', 'Long-term notes', '2', '0'),
('2710', '', 'Bonds payable', '2', '0'),
('2730', '', 'Mortgages payable', '2', '0'),
('2750', '', 'Capital leases', '2', '0'),
('2770', '', 'Long-term liabilities - other', '2', '0'),
('2810', '', 'Gov&#039;t-owned fixed assets liability', '2', '0'),
('2910', '', 'Custodial funds', '2', '0'),
('3000', '', 'Unrestricted net assets', '3', '0'),
('3010', '', 'Unrestricted net assets', '3', '0'),
('3020', '', 'Board-designated net assets', '3', '0'),
('3030', '', 'Board designated quasi-endowment', '3', '0'),
('3040', '', 'Fixed operating net assets', '3', '0'),
('3100', '', 'Temporarily restricted net assets', '3', '0'),
('3110', '', 'Use restricted net assets', '3', '0'),
('3120', '', 'Use restricted net assets', '3', '0'),
('3200', '', 'Permanently restricted net assets', '3', '0'),
('3210', '', 'Endowment net assets', '3', '0'),
('4000', '', 'Revenue from direct contributions', '4', '0'),
('4010', '', 'Individual/small business contributions', '4', '0'),
('4020', '', 'Corporate contributions', '4', '0'),
('4070', '', 'Legacies &amp; bequests', '4', '0'),
('4075', '', 'Uncollectible pledges - estimated', '4', '0'),
('4085', '', 'Long-term pledges discount', '4', '0'),
('4100', '', 'Donated goods &amp; services', '4', '0'),
('4110', '', 'Donated professional services-GAAP', '4', '0'),
('4120', '', 'Donated other services - non-GAAP', '4', '0'),
('4130', '', 'Donated use of facilities', '4', '0'),
('4140', '', 'Gifts in kind - goods', '4', '0'),
('4150', '', 'Donated art, etc', '4', '0'),
('4200', '', 'Revenue from non-government grants', '4', '0'),
('4210', '', 'Corporate/business grants', '4', '0'),
('4230', '', 'Foundation/trust grants', '4', '0'),
('4250', '', 'Nonprofit organization grants', '4', '0'),
('4255', '', 'Discounts - long-term grants', '4', '0'),
('4300', '', 'Revenue from split-interest agreements', '4', '0'),
('4310', '', 'Split-interest agreement contributions', '4', '0'),
('4350', '', 'Gain (loss) split-interest agreements', '4', '0'),
('4400', '', 'Revenue from indirect contributions', '4', '0'),
('4410', '', 'United Way or CFC contributions', '4', '0'),
('4420', '', 'Affiliated organizations revenue', '4', '0'),
('4430', '', 'Fundraising agencies revenue', '4', '0'),
('4500', '', 'Revenue from government grants', '4', '0'),
('4510', '', 'Agency (government) grants', '4', '0'),
('4520', '', 'Federal grants', '4', '0'),
('4530', '', 'State grants', '4', '0'),
('4540', '', 'Local government grants', '4', '0'),
('5000', '', 'Revenue from government agencies', '5', '0'),
('5010', '', 'Agency (government) contracts/fees', '5', '0'),
('5020', '', 'Federal contracts/fees', '5', '0'),
('5030', '', 'State contracts/fees', '5', '0'),
('5040', '', 'Local government contracts/fees', '5', '0'),
('5080', '', 'Medicare/Medicaid payments', '5', '0'),
('5100', '', 'Revenue from program-related sales &amp; fees', '5', '0'),
('5180', '', 'Program service fees', '5', '0'),
('5185', '', 'Bad debts, est - program fees', '5', '0'),
('5200', '', 'Revenue from dues', '5', '0'),
('5210', '', 'Membership dues-individuals', '5', '0'),
('5220', '', 'Assessments and dues-organizations', '5', '0'),
('5300', '', 'Revenue from investments', '5', '0'),
('5310', '', 'Interest-savings/short-term investments', '5', '0'),
('5320', '', 'Dividends &amp; interest - securities', '5', '0'),
('5330', '', 'Real estate rent - debt-financed', '5', '0'),
('5335', '', 'Real estate rental cost - debt-financed', '5', '0'),
('5340', '', 'Real estate rent - not debt-financed', '5', '0'),
('5345', '', 'Real estate rental cost - not debt-financed', '5', '0'),
('5350', '', 'Personal property rent ', '5', '0'),
('5355', '', 'Personal property rental cost ', '5', '0'),
('5360', '', 'Other investment income', '5', '0'),
('5370', '', 'Securities sales - gross', '5', '0'),
('5375', '', 'Securities sales cost', '5', '0'),
('5400', '', 'Revenue from other sources', '5', '0'),
('5410', '', 'Non-inventory sales - gross', '5', '0'),
('5415', '', 'Non-inventory sales cost', '5', '0'),
('5440', '', 'Gross sales - inventory', '5', '0'),
('5445', '', 'Cost of inventory sold', '5', '0'),
('5450', '', 'Advertising revenue', '5', '0'),
('5460', '', 'Affiliate revenues from other entities', '5', '0'),
('5490', '', 'Misc revenue', '5', '0'),
('5800', '', 'Special events', '5', '0'),
('5810', '', 'Special events - non-gift revenue', '5', '0'),
('5820', '', 'Special events - gift revenue', '5', '0'),
('6800', '', 'Unrealized gain (loss)', '6', '0'),
('6810', '', 'Unrealized gain (loss) - investments', '6', '0'),
('6820', '', 'Unrealized gain (loss) - other assets', '6', '0'),
('6900', '', 'Net assets released from restriction', '6', '0'),
('6910', '', 'Satisfaction of use restriction', '6', '0'),
('6920', '', 'LB&amp;E acquisition satisfaction', '6', '0'),
('6930', '', 'Time restriction satisfaction', '6', '0'),
('7000', '', 'Grants, contracts &amp; direct assistance', '7', '0'),
('7010', '', 'Contracts - program-related', '7', '0'),
('7020', '', 'Grants to other organizations', '7', '0'),
('7040', '', 'Awards &amp; grants - individuals', '7', '0'),
('7050', '', 'Specific assistance - individuals', '7', '0'),
('7060', '', 'Benefits paid to or for members', '7', '0'),
('7200', '', 'Salaries &amp; related expenses', '7', '0'),
('7210', '', 'Officers &amp; directors salaries', '7', '0'),
('7230', '', 'Pension plan contributions', '7', '0'),
('7240', '', 'Employee benefits - not pension', '7', '0'),
('7250', '', 'Payroll taxes, etc.', '7', '0'),
('7500', '', 'Contract service expenses', '7', '0'),
('7510', '', 'Fundraising fees', '7', '0'),
('7520', '', 'Accounting fees', '7', '0'),
('7530', '', 'Legal fees', '7', '0'),
('7550', '', 'Temporary help - contract', '7', '0'),
('7580', '', 'Donated professional services - GAAP', '7', '0'),
('7590', '', 'Donated other services - non-GAAP', '7', '0'),
('8100', '', 'Non-personnel expenses', '8', '0'),
('8110', '', 'Supplies', '8', '0'),
('8120', '', 'Donated materials &amp; supplies', '8', '0'),
('8130', '', 'Telephone &amp; telecommunications', '8', '0'),
('8140', '', 'Postage &amp; shipping', '8', '0'),
('8150', '', 'Mailing services', '8', '0'),
('8170', '', 'Printing &amp; copying', '8', '0'),
('8180', '', 'Books, subscriptions, references', '8', '0'),
('8190', '', 'In-house publications', '8', '0'),
('8200', '', 'Facility &amp; equipment expenses', '8', '0'),
('8210', '', 'Rent, parking, other occupancy', '8', '0'),
('8220', '', 'Utilities', '8', '0'),
('8230', '', 'Real estate taxes', '8', '0'),
('8240', '', 'Personal property taxes', '8', '0'),
('8250', '', 'Mortgage interest', '8', '0'),
('8260', '', 'Equipment rental &amp; maintenance', '8', '0'),
('8270', '', 'Deprec &amp; amort - allowable', '8', '0'),
('8280', '', 'Deprec &amp; amort - not allowable', '8', '0'),
('8290', '', 'Donated facilities', '8', '0'),
('8300', '', 'Travel &amp; meetings expenses', '8', '0'),
('8310', '', 'Travel', '8', '0'),
('8320', '', 'Conferences, conventions, meetings', '8', '0'),
('8500', '', 'Other expenses', '8', '0'),
('8510', '', 'Interest-general', '8', '0'),
('8520', '', 'Insurance - non-employee related', '8', '0'),
('8530', '', 'Membership dues - organization', '8', '0'),
('8540', '', 'Staff development', '8', '0'),
('8550', '', 'List rental', '8', '0'),
('8560', '', 'Outside computer services', '8', '0'),
('8570', '', 'Advertising expenses', '8', '0'),
('8580', '', 'Contingency provisions', '8', '0'),
('8590', '', 'Other expenses', '8', '0'),
('8600', '', 'Business expenses', '8', '0'),
('8610', '', 'Bad debt expense', '8', '0'),
('8620', '', 'Sales taxes', '8', '0'),
('8630', '', 'UBI Taxes', '8', '0'),
('8650', '', 'Taxes - other', '8', '0'),
('8660', '', 'Fines, penalties, judgments', '8', '0'),
('8670', '', 'Organizational (corp) expenses', '8', '0'),
('9800', '', 'Fixed asset purchases', '9', '0'),
('9810', '', 'Capital purchases - land', '9', '0'),
('9820', '', 'Capital purchases - building', '9', '0'),
('9830', '', 'Capital purchases - equipment', '9', '0'),
('9840', '', 'Capital purchases - vehicles', '9', '0'),
('9900', '', 'Other non-GAAP expenses', '9', '0'),
('9910', '', 'Payments to affiliates', '9', '0'),
('9920', '', 'Additions to reserves', '9', '0'),
('9930', '', 'Program administration allocations', '9', '0'),
('9990', '', 'Year Profit/Loss', '9', '0');

### Structure of table `0_chart_types` ###

DROP TABLE IF EXISTS `0_chart_types`;

CREATE TABLE `0_chart_types` (
  `id` varchar(10) NOT NULL,
  `name` varchar(60) NOT NULL DEFAULT '',
  `class_id` varchar(3) NOT NULL DEFAULT '',
  `parent` varchar(10) NOT NULL DEFAULT '-1',
  `inactive` tinyint(1) NOT NULL DEFAULT '0',
  PRIMARY KEY (`id`),
  KEY `name` (`name`),
  KEY `class_id` (`class_id`)
) ENGINE=InnoDB ;

### Data of table `0_chart_types` ###

INSERT INTO `0_chart_types` VALUES
('1', 'Assets', '1', '', '0'),
('2', 'Liabilities', '2', '', '0'),
('3', 'Equity', '2', '', '0'),
('4', 'Contributions', '3', '', '0'),
('5', 'Earned revenues', '3', '', '0'),
('6', 'Other revenue', '3', '', '0'),
('7', 'Expenses - personnel related', '4', '', '0'),
('8', 'Non-personnel related expenses', '4', '', '0'),
('9', 'Non-GAAP expenses', '4', '', '0');

### Structure of table `0_comments` ###

DROP TABLE IF EXISTS `0_comments`;

CREATE TABLE `0_comments` (
  `type` int(11) NOT NULL DEFAULT '0',
  `id` int(11) NOT NULL DEFAULT '0',
  `date_` date DEFAULT '0000-00-00',
  `memo_` tinytext,
  KEY `type_and_id` (`type`,`id`)
) ENGINE=InnoDB ;

### Data of table `0_comments` ###


### Structure of table `0_credit_status` ###

DROP TABLE IF EXISTS `0_credit_status`;

CREATE TABLE `0_credit_status` (
  `id` int(11) NOT NULL AUTO_INCREMENT,
  `reason_description` char(100) NOT NULL DEFAULT '',
  `dissallow_invoices` tinyint(1) NOT NULL DEFAULT '0',
  `inactive` tinyint(1) NOT NULL DEFAULT '0',
  PRIMARY KEY (`id`),
  UNIQUE KEY `reason_description` (`reason_description`)
) ENGINE=InnoDB AUTO_INCREMENT=5 ;

### Data of table `0_credit_status` ###

INSERT INTO `0_credit_status` VALUES
('1', 'Good History', '0', '0'),
('3', 'No more work until payment received', '1', '0'),
('4', 'In liquidation', '1', '0');

### Structure of table `0_crm_categories` ###

DROP TABLE IF EXISTS `0_crm_categories`;

CREATE TABLE `0_crm_categories` (
  `id` int(11) NOT NULL AUTO_INCREMENT COMMENT 'pure technical key',
  `type` varchar(20) NOT NULL,
  `action` varchar(20) NOT NULL,
  `name` varchar(30) NOT NULL,
  `description` tinytext NOT NULL,
  `system` tinyint(1) NOT NULL DEFAULT '0' COMMENT 'nonzero for core system usage',
  `inactive` tinyint(1) NOT NULL DEFAULT '0',
  PRIMARY KEY (`id`),
  UNIQUE KEY `type` (`type`,`action`),
  UNIQUE KEY `type_2` (`type`,`name`)
) ENGINE=InnoDB AUTO_INCREMENT=13 ;

### Data of table `0_crm_categories` ###

INSERT INTO `0_crm_categories` VALUES
('1', 'cust_branch', 'general', 'General', 'General contact data for customer branch (overrides company setting)', '1', '0'),
('2', 'cust_branch', 'invoice', 'Invoices', 'Invoice posting (overrides company setting)', '1', '0'),
('3', 'cust_branch', 'order', 'Orders', 'Order confirmation (overrides company setting)', '1', '0'),
('4', 'cust_branch', 'delivery', 'Deliveries', 'Delivery coordination (overrides company setting)', '1', '0'),
('5', 'customer', 'general', 'General', 'General contact data for customer', '1', '0'),
('6', 'customer', 'order', 'Orders', 'Order confirmation', '1', '0'),
('7', 'customer', 'delivery', 'Deliveries', 'Delivery coordination', '1', '0'),
('8', 'customer', 'invoice', 'Invoices', 'Invoice posting', '1', '0'),
('9', 'supplier', 'general', 'General', 'General contact data for supplier', '1', '0'),
('10', 'supplier', 'order', 'Orders', 'Order confirmation', '1', '0'),
('11', 'supplier', 'delivery', 'Deliveries', 'Delivery coordination', '1', '0'),
('12', 'supplier', 'invoice', 'Invoices', 'Invoice posting', '1', '0');

### Structure of table `0_crm_contacts` ###

DROP TABLE IF EXISTS `0_crm_contacts`;

CREATE TABLE `0_crm_contacts` (
  `id` int(11) NOT NULL AUTO_INCREMENT,
  `person_id` int(11) NOT NULL DEFAULT '0' COMMENT 'foreign key to crm_contacts',
  `type` varchar(20) NOT NULL,
  `action` varchar(20) NOT NULL,
  `entity_id` varchar(11) DEFAULT NULL,
  PRIMARY KEY (`id`),
  KEY `type` (`type`,`action`)
) ENGINE=InnoDB ;

### Data of table `0_crm_contacts` ###


### Structure of table `0_crm_persons` ###

DROP TABLE IF EXISTS `0_crm_persons`;

CREATE TABLE `0_crm_persons` (
  `id` int(11) NOT NULL AUTO_INCREMENT,
  `ref` varchar(30) NOT NULL,
  `name` varchar(60) NOT NULL,
  `name2` varchar(60) DEFAULT NULL,
  `address` tinytext,
  `phone` varchar(30) DEFAULT NULL,
  `phone2` varchar(30) DEFAULT NULL,
  `fax` varchar(30) DEFAULT NULL,
  `email` varchar(100) DEFAULT NULL,
  `lang` char(5) DEFAULT NULL,
  `notes` tinytext NOT NULL,
  `inactive` tinyint(1) NOT NULL DEFAULT '0',
  PRIMARY KEY (`id`),
  KEY `ref` (`ref`)
) ENGINE=InnoDB ;

### Data of table `0_crm_persons` ###


### Structure of table `0_currencies` ###

DROP TABLE IF EXISTS `0_currencies`;

CREATE TABLE `0_currencies` (
  `currency` varchar(60) NOT NULL DEFAULT '',
  `curr_abrev` char(3) NOT NULL DEFAULT '',
  `curr_symbol` varchar(10) NOT NULL DEFAULT '',
  `country` varchar(100) NOT NULL DEFAULT '',
  `hundreds_name` varchar(15) NOT NULL DEFAULT '',
  `auto_update` tinyint(1) NOT NULL DEFAULT '1',
  `inactive` tinyint(1) NOT NULL DEFAULT '0',
  PRIMARY KEY (`curr_abrev`)
) ENGINE=InnoDB ;

### Data of table `0_currencies` ###

INSERT INTO `0_currencies` VALUES
('CA Dollars', 'CAD', '$', 'Canada', 'Cents', '1', '0'),
('Euro', 'EUR', '?', 'Europe', 'Cents', '1', '0'),
('Pounds', 'GBP', '?', 'England', 'Pence', '1', '0'),
('US Dollars', 'USD', '$', 'United States', 'Cents', '1', '0');

### Structure of table `0_cust_allocations` ###

DROP TABLE IF EXISTS `0_cust_allocations`;

CREATE TABLE `0_cust_allocations` (
  `id` int(11) NOT NULL AUTO_INCREMENT,
  `person_id` int(11) DEFAULT NULL,
  `amt` double unsigned DEFAULT NULL,
  `date_alloc` date NOT NULL DEFAULT '0000-00-00',
  `trans_no_from` int(11) DEFAULT NULL,
  `trans_type_from` int(11) DEFAULT NULL,
  `trans_no_to` int(11) DEFAULT NULL,
  `trans_type_to` int(11) DEFAULT NULL,
  PRIMARY KEY (`id`),
  UNIQUE KEY `person_id` (`person_id`,`trans_type_from`,`trans_no_from`,`trans_type_to`,`trans_no_to`),
  KEY `From` (`trans_type_from`,`trans_no_from`),
  KEY `To` (`trans_type_to`,`trans_no_to`)
) ENGINE=InnoDB ;

### Data of table `0_cust_allocations` ###


### Structure of table `0_cust_branch` ###

DROP TABLE IF EXISTS `0_cust_branch`;

CREATE TABLE `0_cust_branch` (
  `branch_code` int(11) NOT NULL AUTO_INCREMENT,
  `debtor_no` int(11) NOT NULL DEFAULT '0',
  `br_name` varchar(60) NOT NULL DEFAULT '',
  `branch_ref` varchar(30) NOT NULL DEFAULT '',
  `br_address` tinytext NOT NULL,
  `area` int(11) DEFAULT NULL,
  `salesman` int(11) NOT NULL DEFAULT '0',
  `default_location` varchar(5) NOT NULL DEFAULT '',
  `tax_group_id` int(11) DEFAULT NULL,
  `sales_account` varchar(15) NOT NULL DEFAULT '',
  `sales_discount_account` varchar(15) NOT NULL DEFAULT '',
  `receivables_account` varchar(15) NOT NULL DEFAULT '',
  `payment_discount_account` varchar(15) NOT NULL DEFAULT '',
  `default_ship_via` int(11) NOT NULL DEFAULT '1',
  `br_post_address` tinytext NOT NULL,
  `group_no` int(11) NOT NULL DEFAULT '0',
  `notes` tinytext NOT NULL,
  `bank_account` varchar(60) DEFAULT NULL,
  `inactive` tinyint(1) NOT NULL DEFAULT '0',
  PRIMARY KEY (`branch_code`,`debtor_no`),
  KEY `branch_ref` (`branch_ref`),
  KEY `group_no` (`group_no`)
) ENGINE=InnoDB ;

### Data of table `0_cust_branch` ###


### Structure of table `0_debtor_trans` ###

DROP TABLE IF EXISTS `0_debtor_trans`;

CREATE TABLE `0_debtor_trans` (
  `trans_no` int(11) unsigned NOT NULL DEFAULT '0',
  `type` smallint(6) unsigned NOT NULL DEFAULT '0',
  `version` tinyint(1) unsigned NOT NULL DEFAULT '0',
  `debtor_no` int(11) unsigned NOT NULL DEFAULT '0',
  `branch_code` int(11) NOT NULL DEFAULT '-1',
  `tran_date` date NOT NULL DEFAULT '0000-00-00',
  `due_date` date NOT NULL DEFAULT '0000-00-00',
  `reference` varchar(60) NOT NULL DEFAULT '',
  `tpe` int(11) NOT NULL DEFAULT '0',
  `order_` int(11) NOT NULL DEFAULT '0',
  `ov_amount` double NOT NULL DEFAULT '0',
  `ov_gst` double NOT NULL DEFAULT '0',
  `ov_freight` double NOT NULL DEFAULT '0',
  `ov_freight_tax` double NOT NULL DEFAULT '0',
  `ov_discount` double NOT NULL DEFAULT '0',
  `alloc` double NOT NULL DEFAULT '0',
  `prep_amount` double NOT NULL DEFAULT '0',
  `rate` double NOT NULL DEFAULT '1',
  `ship_via` int(11) DEFAULT NULL,
  `dimension_id` int(11) NOT NULL DEFAULT '0',
  `dimension2_id` int(11) NOT NULL DEFAULT '0',
  `payment_terms` int(11) DEFAULT NULL,
  `tax_included` tinyint(1) unsigned NOT NULL DEFAULT '0',
  PRIMARY KEY (`type`,`trans_no`,`debtor_no`),
  KEY `debtor_no` (`debtor_no`,`branch_code`),
  KEY `tran_date` (`tran_date`)
) ENGINE=InnoDB ;

### Data of table `0_debtor_trans` ###


### Structure of table `0_debtor_trans_details` ###

DROP TABLE IF EXISTS `0_debtor_trans_details`;

CREATE TABLE `0_debtor_trans_details` (
  `id` int(11) NOT NULL AUTO_INCREMENT,
  `debtor_trans_no` int(11) DEFAULT NULL,
  `debtor_trans_type` int(11) DEFAULT NULL,
  `stock_id` varchar(20) NOT NULL DEFAULT '',
  `description` tinytext,
  `unit_price` double NOT NULL DEFAULT '0',
  `unit_tax` double NOT NULL DEFAULT '0',
  `quantity` double NOT NULL DEFAULT '0',
  `discount_percent` double NOT NULL DEFAULT '0',
  `standard_cost` double NOT NULL DEFAULT '0',
  `qty_done` double NOT NULL DEFAULT '0',
  `src_id` int(11) NOT NULL,
  PRIMARY KEY (`id`),
  KEY `Transaction` (`debtor_trans_type`,`debtor_trans_no`),
  KEY `src_id` (`src_id`)
) ENGINE=InnoDB ;

### Data of table `0_debtor_trans_details` ###


### Structure of table `0_debtors_master` ###

DROP TABLE IF EXISTS `0_debtors_master`;

CREATE TABLE `0_debtors_master` (
  `debtor_no` int(11) NOT NULL AUTO_INCREMENT,
  `name` varchar(100) NOT NULL DEFAULT '',
  `debtor_ref` varchar(30) NOT NULL,
  `address` tinytext,
  `tax_id` varchar(55) NOT NULL DEFAULT '',
  `curr_code` char(3) NOT NULL DEFAULT '',
  `sales_type` int(11) NOT NULL DEFAULT '1',
  `dimension_id` int(11) NOT NULL DEFAULT '0',
  `dimension2_id` int(11) NOT NULL DEFAULT '0',
  `credit_status` int(11) NOT NULL DEFAULT '0',
  `payment_terms` int(11) DEFAULT NULL,
  `discount` double NOT NULL DEFAULT '0',
  `pymt_discount` double NOT NULL DEFAULT '0',
  `credit_limit` float NOT NULL DEFAULT '1000',
  `notes` tinytext NOT NULL,
  `inactive` tinyint(1) NOT NULL DEFAULT '0',
  PRIMARY KEY (`debtor_no`),
  UNIQUE KEY `debtor_ref` (`debtor_ref`),
  KEY `name` (`name`)
) ENGINE=InnoDB ;

### Data of table `0_debtors_master` ###


### Structure of table `0_dimensions` ###

DROP TABLE IF EXISTS `0_dimensions`;

CREATE TABLE `0_dimensions` (
  `id` int(11) NOT NULL AUTO_INCREMENT,
  `reference` varchar(60) NOT NULL DEFAULT '',
  `name` varchar(60) NOT NULL DEFAULT '',
  `type_` tinyint(1) NOT NULL DEFAULT '1',
  `closed` tinyint(1) NOT NULL DEFAULT '0',
  `date_` date NOT NULL DEFAULT '0000-00-00',
  `due_date` date NOT NULL DEFAULT '0000-00-00',
  PRIMARY KEY (`id`),
  UNIQUE KEY `reference` (`reference`),
  KEY `date_` (`date_`),
  KEY `due_date` (`due_date`),
  KEY `type_` (`type_`)
) ENGINE=InnoDB ;

### Data of table `0_dimensions` ###


### Structure of table `0_exchange_rates` ###

DROP TABLE IF EXISTS `0_exchange_rates`;

CREATE TABLE `0_exchange_rates` (
  `id` int(11) NOT NULL AUTO_INCREMENT,
  `curr_code` char(3) NOT NULL DEFAULT '',
  `rate_buy` double NOT NULL DEFAULT '0',
  `rate_sell` double NOT NULL DEFAULT '0',
  `date_` date NOT NULL DEFAULT '0000-00-00',
  PRIMARY KEY (`id`),
  UNIQUE KEY `curr_code` (`curr_code`,`date_`)
) ENGINE=InnoDB ;

### Data of table `0_exchange_rates` ###


### Structure of table `0_fiscal_year` ###

DROP TABLE IF EXISTS `0_fiscal_year`;

CREATE TABLE `0_fiscal_year` (
  `id` int(11) NOT NULL AUTO_INCREMENT,
  `begin` date DEFAULT '0000-00-00',
  `end` date DEFAULT '0000-00-00',
  `closed` tinyint(1) NOT NULL DEFAULT '0',
  PRIMARY KEY (`id`),
  UNIQUE KEY `begin` (`begin`),
  UNIQUE KEY `end` (`end`)
) ENGINE=InnoDB AUTO_INCREMENT=5 ;

### Data of table `0_fiscal_year` ###

INSERT INTO `0_fiscal_year` VALUES
('1', '2018-01-01', '2018-12-31', '0');

### Structure of table `0_gl_trans` ###

DROP TABLE IF EXISTS `0_gl_trans`;

CREATE TABLE `0_gl_trans` (
  `counter` int(11) NOT NULL AUTO_INCREMENT,
  `type` smallint(6) NOT NULL DEFAULT '0',
  `type_no` int(11) NOT NULL DEFAULT '0',
  `tran_date` date NOT NULL DEFAULT '0000-00-00',
  `account` varchar(15) NOT NULL DEFAULT '',
  `memo_` tinytext NOT NULL,
  `amount` double NOT NULL DEFAULT '0',
  `dimension_id` int(11) NOT NULL DEFAULT '0',
  `dimension2_id` int(11) NOT NULL DEFAULT '0',
  `person_type_id` int(11) DEFAULT NULL,
  `person_id` tinyblob,
  PRIMARY KEY (`counter`),
  KEY `Type_and_Number` (`type`,`type_no`),
  KEY `dimension_id` (`dimension_id`),
  KEY `dimension2_id` (`dimension2_id`),
  KEY `tran_date` (`tran_date`),
  KEY `account_and_tran_date` (`account`,`tran_date`)
) ENGINE=InnoDB ;

### Data of table `0_gl_trans` ###


### Structure of table `0_grn_batch` ###

DROP TABLE IF EXISTS `0_grn_batch`;

CREATE TABLE `0_grn_batch` (
  `id` int(11) NOT NULL AUTO_INCREMENT,
  `supplier_id` int(11) NOT NULL DEFAULT '0',
  `purch_order_no` int(11) DEFAULT NULL,
  `reference` varchar(60) NOT NULL DEFAULT '',
  `delivery_date` date NOT NULL DEFAULT '0000-00-00',
  `loc_code` varchar(5) DEFAULT NULL,
  `rate` double DEFAULT '1',
  PRIMARY KEY (`id`),
  KEY `delivery_date` (`delivery_date`),
  KEY `purch_order_no` (`purch_order_no`)
) ENGINE=InnoDB ;

### Data of table `0_grn_batch` ###


### Structure of table `0_grn_items` ###

DROP TABLE IF EXISTS `0_grn_items`;

CREATE TABLE `0_grn_items` (
  `id` int(11) NOT NULL AUTO_INCREMENT,
  `grn_batch_id` int(11) DEFAULT NULL,
  `po_detail_item` int(11) NOT NULL DEFAULT '0',
  `item_code` varchar(20) NOT NULL DEFAULT '',
  `description` tinytext,
  `qty_recd` double NOT NULL DEFAULT '0',
  `quantity_inv` double NOT NULL DEFAULT '0',
  PRIMARY KEY (`id`),
  KEY `grn_batch_id` (`grn_batch_id`)
) ENGINE=InnoDB ;

### Data of table `0_grn_items` ###


### Structure of table `0_groups` ###

DROP TABLE IF EXISTS `0_groups`;

CREATE TABLE `0_groups` (
  `id` smallint(6) unsigned NOT NULL AUTO_INCREMENT,
  `description` varchar(60) NOT NULL DEFAULT '',
  `inactive` tinyint(1) NOT NULL DEFAULT '0',
  PRIMARY KEY (`id`),
  UNIQUE KEY `description` (`description`)
) ENGINE=InnoDB AUTO_INCREMENT=4 ;

### Data of table `0_groups` ###

INSERT INTO `0_groups` VALUES
('1', 'Small', '0'),
('2', 'Medium', '0'),
('3', 'Large', '0');

### Structure of table `0_item_codes` ###

DROP TABLE IF EXISTS `0_item_codes`;

CREATE TABLE `0_item_codes` (
  `id` int(11) unsigned NOT NULL AUTO_INCREMENT,
  `item_code` varchar(20) NOT NULL,
  `stock_id` varchar(20) NOT NULL,
  `description` varchar(200) NOT NULL DEFAULT '',
  `category_id` smallint(6) unsigned NOT NULL,
  `quantity` double NOT NULL DEFAULT '1',
  `is_foreign` tinyint(1) NOT NULL DEFAULT '0',
  `inactive` tinyint(1) NOT NULL DEFAULT '0',
  PRIMARY KEY (`id`),
  UNIQUE KEY `stock_id` (`stock_id`,`item_code`),
  KEY `item_code` (`item_code`)
) ENGINE=InnoDB ;

### Data of table `0_item_codes` ###


### Structure of table `0_item_tax_type_exemptions` ###

DROP TABLE IF EXISTS `0_item_tax_type_exemptions`;

CREATE TABLE `0_item_tax_type_exemptions` (
  `item_tax_type_id` int(11) NOT NULL DEFAULT '0',
  `tax_type_id` int(11) NOT NULL DEFAULT '0',
  PRIMARY KEY (`item_tax_type_id`,`tax_type_id`)
) ENGINE=InnoDB ;

### Data of table `0_item_tax_type_exemptions` ###


### Structure of table `0_item_tax_types` ###

DROP TABLE IF EXISTS `0_item_tax_types`;

CREATE TABLE `0_item_tax_types` (
  `id` int(11) NOT NULL AUTO_INCREMENT,
  `name` varchar(60) NOT NULL DEFAULT '',
  `exempt` tinyint(1) NOT NULL DEFAULT '0',
  `inactive` tinyint(1) NOT NULL DEFAULT '0',
  PRIMARY KEY (`id`),
  UNIQUE KEY `name` (`name`)
) ENGINE=InnoDB AUTO_INCREMENT=2 ;

### Data of table `0_item_tax_types` ###

INSERT INTO `0_item_tax_types` VALUES
('1', 'Regular', '0', '0');

### Structure of table `0_item_units` ###

DROP TABLE IF EXISTS `0_item_units`;

CREATE TABLE `0_item_units` (
  `abbr` varchar(20) NOT NULL,
  `name` varchar(40) NOT NULL,
  `decimals` tinyint(2) NOT NULL,
  `inactive` tinyint(1) NOT NULL DEFAULT '0',
  PRIMARY KEY (`abbr`),
  UNIQUE KEY `name` (`name`)
) ENGINE=InnoDB ;

### Data of table `0_item_units` ###

INSERT INTO `0_item_units` VALUES
('ea.', 'Each', '0', '0');

### Structure of table `0_journal` ###

DROP TABLE IF EXISTS `0_journal`;

CREATE TABLE `0_journal` (
  `type` smallint(6) NOT NULL DEFAULT '0',
  `trans_no` int(11) NOT NULL DEFAULT '0',
  `tran_date` date DEFAULT '0000-00-00',
  `reference` varchar(60) NOT NULL DEFAULT '',
  `source_ref` varchar(60) NOT NULL DEFAULT '',
  `event_date` date DEFAULT '0000-00-00',
  `doc_date` date NOT NULL DEFAULT '0000-00-00',
  `currency` char(3) NOT NULL DEFAULT '',
  `amount` double NOT NULL DEFAULT '0',
  `rate` double NOT NULL DEFAULT '1',
  PRIMARY KEY (`type`,`trans_no`),
  KEY `tran_date` (`tran_date`)
) ENGINE=InnoDB ;

### Data of table `0_journal` ###


### Structure of table `0_loc_stock` ###

DROP TABLE IF EXISTS `0_loc_stock`;

CREATE TABLE `0_loc_stock` (
  `loc_code` char(5) NOT NULL DEFAULT '',
  `stock_id` char(20) NOT NULL DEFAULT '',
  `reorder_level` double NOT NULL DEFAULT '0',
  PRIMARY KEY (`loc_code`,`stock_id`),
  KEY `stock_id` (`stock_id`)
) ENGINE=InnoDB ;

### Data of table `0_loc_stock` ###


### Structure of table `0_locations` ###

DROP TABLE IF EXISTS `0_locations`;

CREATE TABLE `0_locations` (
  `loc_code` varchar(5) NOT NULL DEFAULT '',
  `location_name` varchar(60) NOT NULL DEFAULT '',
  `delivery_address` tinytext NOT NULL,
  `phone` varchar(30) NOT NULL DEFAULT '',
  `phone2` varchar(30) NOT NULL DEFAULT '',
  `fax` varchar(30) NOT NULL DEFAULT '',
  `email` varchar(100) NOT NULL DEFAULT '',
  `contact` varchar(30) NOT NULL DEFAULT '',
  `fixed_asset` tinyint(1) NOT NULL DEFAULT '0',
  `inactive` tinyint(1) NOT NULL DEFAULT '0',
  PRIMARY KEY (`loc_code`)
) ENGINE=InnoDB ;

### Data of table `0_locations` ###

INSERT INTO `0_locations` VALUES
('DEF', 'Default', 'N/A', '', '', '', '', '', '0', '0');

### Structure of table `0_payment_terms` ###

DROP TABLE IF EXISTS `0_payment_terms`;

CREATE TABLE `0_payment_terms` (
  `terms_indicator` int(11) NOT NULL AUTO_INCREMENT,
  `terms` char(80) NOT NULL DEFAULT '',
  `days_before_due` smallint(6) NOT NULL DEFAULT '0',
  `day_in_following_month` smallint(6) NOT NULL DEFAULT '0',
  `inactive` tinyint(1) NOT NULL DEFAULT '0',
  PRIMARY KEY (`terms_indicator`),
  UNIQUE KEY `terms` (`terms`)
) ENGINE=InnoDB AUTO_INCREMENT=5 ;

### Data of table `0_payment_terms` ###

INSERT INTO `0_payment_terms` VALUES
('1', 'Due 15th Of the Following Month', '0', '17', '0'),
('2', 'Due By End Of The Following Month', '0', '30', '0'),
('3', 'Payment due within 10 days', '10', '0', '0'),
('4', 'Cash Only', '0', '0', '0'),
('5', 'Prepaid', -1, 0, 0);

### Structure of table `0_prices` ###

DROP TABLE IF EXISTS `0_prices`;

CREATE TABLE `0_prices` (
  `id` int(11) NOT NULL AUTO_INCREMENT,
  `stock_id` varchar(20) NOT NULL DEFAULT '',
  `sales_type_id` int(11) NOT NULL DEFAULT '0',
  `curr_abrev` char(3) NOT NULL DEFAULT '',
  `price` double NOT NULL DEFAULT '0',
  PRIMARY KEY (`id`),
  UNIQUE KEY `price` (`stock_id`,`sales_type_id`,`curr_abrev`)
) ENGINE=InnoDB ;

### Data of table `0_prices` ###


### Structure of table `0_print_profiles` ###

DROP TABLE IF EXISTS `0_print_profiles`;

CREATE TABLE `0_print_profiles` (
  `id` smallint(6) unsigned NOT NULL AUTO_INCREMENT,
  `profile` varchar(30) NOT NULL,
  `report` varchar(5) DEFAULT NULL,
  `printer` tinyint(3) unsigned DEFAULT NULL,
  PRIMARY KEY (`id`),
  UNIQUE KEY `profile` (`profile`,`report`)
) ENGINE=InnoDB AUTO_INCREMENT=10 ;

### Data of table `0_print_profiles` ###

INSERT INTO `0_print_profiles` VALUES
('1', 'Out of office', NULL, '0'),
('2', 'Sales Department', NULL, '0'),
('3', 'Central', NULL, '2'),
('4', 'Sales Department', '104', '2'),
('5', 'Sales Department', '105', '2'),
('6', 'Sales Department', '107', '2'),
('7', 'Sales Department', '109', '2'),
('8', 'Sales Department', '110', '2'),
('9', 'Sales Department', '201', '2');

### Structure of table `0_printers` ###

DROP TABLE IF EXISTS `0_printers`;

CREATE TABLE `0_printers` (
  `id` tinyint(3) unsigned NOT NULL AUTO_INCREMENT,
  `name` varchar(20) NOT NULL,
  `description` varchar(60) NOT NULL,
  `queue` varchar(20) NOT NULL,
  `host` varchar(40) NOT NULL,
  `port` smallint(11) unsigned NOT NULL,
  `timeout` tinyint(3) unsigned NOT NULL,
  PRIMARY KEY (`id`),
  UNIQUE KEY `name` (`name`)
) ENGINE=InnoDB AUTO_INCREMENT=4 ;

### Data of table `0_printers` ###

INSERT INTO `0_printers` VALUES
('1', 'QL500', 'Label printer', 'QL500', 'server', '127', '20'),
('2', 'Samsung', 'Main network printer', 'scx4521F', 'server', '515', '5'),
('3', 'Local', 'Local print server at user IP', 'lp', '', '515', '10');

### Structure of table `0_purch_data` ###

DROP TABLE IF EXISTS `0_purch_data`;

CREATE TABLE `0_purch_data` (
  `supplier_id` int(11) NOT NULL DEFAULT '0',
  `stock_id` char(20) NOT NULL DEFAULT '',
  `price` double NOT NULL DEFAULT '0',
  `suppliers_uom` char(50) NOT NULL DEFAULT '',
  `conversion_factor` double NOT NULL DEFAULT '1',
  `supplier_description` char(50) NOT NULL DEFAULT '',
  PRIMARY KEY (`supplier_id`,`stock_id`)
) ENGINE=InnoDB ;

### Data of table `0_purch_data` ###


### Structure of table `0_purch_order_details` ###

DROP TABLE IF EXISTS `0_purch_order_details`;

CREATE TABLE `0_purch_order_details` (
  `po_detail_item` int(11) NOT NULL AUTO_INCREMENT,
  `order_no` int(11) NOT NULL DEFAULT '0',
  `item_code` varchar(20) NOT NULL DEFAULT '',
  `description` tinytext,
  `delivery_date` date NOT NULL DEFAULT '0000-00-00',
  `qty_invoiced` double NOT NULL DEFAULT '0',
  `unit_price` double NOT NULL DEFAULT '0',
  `act_price` double NOT NULL DEFAULT '0',
  `std_cost_unit` double NOT NULL DEFAULT '0',
  `quantity_ordered` double NOT NULL DEFAULT '0',
  `quantity_received` double NOT NULL DEFAULT '0',
  PRIMARY KEY (`po_detail_item`),
  KEY `order` (`order_no`,`po_detail_item`),
  KEY `itemcode` (`item_code`)
) ENGINE=InnoDB ;

### Data of table `0_purch_order_details` ###


### Structure of table `0_purch_orders` ###

DROP TABLE IF EXISTS `0_purch_orders`;

CREATE TABLE `0_purch_orders` (
  `order_no` int(11) NOT NULL AUTO_INCREMENT,
  `supplier_id` int(11) NOT NULL DEFAULT '0',
  `comments` tinytext,
  `ord_date` date NOT NULL DEFAULT '0000-00-00',
  `reference` tinytext NOT NULL,
  `requisition_no` tinytext,
  `into_stock_location` varchar(5) NOT NULL DEFAULT '',
  `delivery_address` tinytext NOT NULL,
  `total` double NOT NULL DEFAULT '0',
  `prep_amount` double NOT NULL DEFAULT '0',
  `alloc` double NOT NULL DEFAULT '0',
  `tax_included` tinyint(1) NOT NULL DEFAULT '0',
  PRIMARY KEY (`order_no`),
  KEY `ord_date` (`ord_date`)
) ENGINE=InnoDB ;

### Data of table `0_purch_orders` ###


### Structure of table `0_quick_entries` ###

DROP TABLE IF EXISTS `0_quick_entries`;

CREATE TABLE `0_quick_entries` (
  `id` smallint(6) unsigned NOT NULL AUTO_INCREMENT,
  `type` tinyint(1) NOT NULL DEFAULT '0',
  `description` varchar(60) NOT NULL,
  `usage` varchar(120) DEFAULT NULL,
  `base_amount` double NOT NULL DEFAULT '0',
  `base_desc` varchar(60) DEFAULT NULL,
  `bal_type` tinyint(1) NOT NULL DEFAULT '0',
  PRIMARY KEY (`id`),
  KEY `description` (`description`)
) ENGINE=InnoDB AUTO_INCREMENT=4 ;

### Data of table `0_quick_entries` ###

INSERT INTO `0_quick_entries` VALUES
('1', '1', 'Maintenance', NULL, '0', 'Amount', '0'),
('2', '4', 'Phone', NULL, '0', 'Amount', '0'),
('3', '2', 'Cash Sales', NULL, '0', 'Amount', '0');

### Structure of table `0_quick_entry_lines` ###

DROP TABLE IF EXISTS `0_quick_entry_lines`;

CREATE TABLE `0_quick_entry_lines` (
  `id` smallint(6) unsigned NOT NULL AUTO_INCREMENT,
  `qid` smallint(6) unsigned NOT NULL,
  `amount` double DEFAULT '0',
  `memo` tinytext NOT NULL,
  `action` varchar(2) NOT NULL,
  `dest_id` varchar(15) NOT NULL DEFAULT '',
  `dimension_id` smallint(6) unsigned DEFAULT NULL,
  `dimension2_id` smallint(6) unsigned DEFAULT NULL,
  PRIMARY KEY (`id`),
  KEY `qid` (`qid`)
) ENGINE=InnoDB AUTO_INCREMENT=7 ;

### Data of table `0_quick_entry_lines` ###

INSERT INTO `0_quick_entry_lines` VALUES
('1', '1', '0', '', 't-', '1', '0', '0'),
('2', '2', '0', '', 't-', '1', '0', '0'),
('3', '3', '0', '', 't-', '1', '0', '0'),
('4', '3', '0', '', '=', '4000', '0', '0'),
('5', '1', '0', '', '=', '8500', '0', '0'),
('6', '2', '0', '', '=', '8130', '0', '0');

### Structure of table `0_recurrent_invoices` ###

DROP TABLE IF EXISTS `0_recurrent_invoices`;

CREATE TABLE `0_recurrent_invoices` (
  `id` smallint(6) unsigned NOT NULL AUTO_INCREMENT,
  `description` varchar(60) NOT NULL DEFAULT '',
  `order_no` int(11) unsigned NOT NULL,
  `debtor_no` int(11) unsigned DEFAULT NULL,
  `group_no` smallint(6) unsigned DEFAULT NULL,
  `days` int(11) NOT NULL DEFAULT '0',
  `monthly` int(11) NOT NULL DEFAULT '0',
  `begin` date NOT NULL DEFAULT '0000-00-00',
  `end` date NOT NULL DEFAULT '0000-00-00',
  `last_sent` date NOT NULL DEFAULT '0000-00-00',
  PRIMARY KEY (`id`),
  UNIQUE KEY `description` (`description`)
) ENGINE=InnoDB ;

### Data of table `0_recurrent_invoices` ###


### Structure of table `0_reflines` ###

DROP TABLE IF EXISTS `0_reflines`;

CREATE TABLE `0_reflines` (
  `id` int(11) NOT NULL AUTO_INCREMENT,
  `trans_type` int(11) NOT NULL,
  `prefix` char(5) NOT NULL DEFAULT '',
  `pattern` varchar(35) NOT NULL DEFAULT '1',
  `description` varchar(60) NOT NULL DEFAULT '',
  `default` tinyint(1) NOT NULL DEFAULT '0',
  `inactive` tinyint(1) NOT NULL DEFAULT '0',
  PRIMARY KEY (`id`),
  UNIQUE KEY `prefix` (`trans_type`,`prefix`)
) ENGINE=InnoDB AUTO_INCREMENT=32 ;

### Data of table `0_reflines` ###

INSERT INTO `0_reflines` VALUES
('1', '0', '', '1', '', '1', '0'),
('2', '1', '', '1', '', '1', '0'),
('3', '2', '', '1', '', '1', '0'),
('4', '4', '', '1', '', '1', '0'),
('5', '10', '', '1', '', '1', '0'),
('6', '11', '', '1', '', '1', '0'),
('7', '12', '', '1', '', '1', '0'),
('8', '13', '', '1', '', '1', '0'),
('9', '16', '', '1', '', '1', '0'),
('10', '17', '', '1', '', '1', '0'),
('11', '18', '', '1', '', '1', '0'),
('12', '20', '', '1', '', '1', '0'),
('13', '21', '', '1', '', '1', '0'),
('14', '22', '', '1', '', '1', '0'),
('15', '25', '', '1', '', '1', '0'),
('16', '26', '', '1', '', '1', '0'),
('17', '28', '', '1', '', '1', '0'),
('18', '29', '', '1', '', '1', '0'),
('19', '30', '', '1', '', '1', '0'),
('20', '32', '', '1', '', '1', '0'),
('21', '35', '', '1', '', '1', '0'),
('22', '40', '', '1', '', '1', '0');

### Structure of table `0_refs` ###

DROP TABLE IF EXISTS `0_refs`;

CREATE TABLE `0_refs` (
  `id` int(11) NOT NULL DEFAULT '0',
  `type` int(11) NOT NULL DEFAULT '0',
  `reference` varchar(100) NOT NULL DEFAULT '',
  PRIMARY KEY (`id`,`type`),
  KEY `Type_and_Reference` (`type`,`reference`)
) ENGINE=InnoDB ;

### Data of table `0_refs` ###


### Structure of table `0_sales_order_details` ###

DROP TABLE IF EXISTS `0_sales_order_details`;

CREATE TABLE `0_sales_order_details` (
  `id` int(11) NOT NULL AUTO_INCREMENT,
  `order_no` int(11) NOT NULL DEFAULT '0',
  `trans_type` smallint(6) NOT NULL DEFAULT '30',
  `stk_code` varchar(20) NOT NULL DEFAULT '',
  `description` tinytext,
  `qty_sent` double NOT NULL DEFAULT '0',
  `unit_price` double NOT NULL DEFAULT '0',
  `quantity` double NOT NULL DEFAULT '0',
  `invoiced` double NOT NULL DEFAULT '0',
  `discount_percent` double NOT NULL DEFAULT '0',
  PRIMARY KEY (`id`),
  KEY `sorder` (`trans_type`,`order_no`),
  KEY `stkcode` (`stk_code`)
) ENGINE=InnoDB ;

### Data of table `0_sales_order_details` ###


### Structure of table `0_sales_orders` ###

DROP TABLE IF EXISTS `0_sales_orders`;

CREATE TABLE `0_sales_orders` (
  `order_no` int(11) NOT NULL,
  `trans_type` smallint(6) NOT NULL DEFAULT '30',
  `version` tinyint(1) unsigned NOT NULL DEFAULT '0',
  `type` tinyint(1) NOT NULL DEFAULT '0',
  `debtor_no` int(11) NOT NULL DEFAULT '0',
  `branch_code` int(11) NOT NULL DEFAULT '0',
  `reference` varchar(100) NOT NULL DEFAULT '',
  `customer_ref` tinytext NOT NULL,
  `comments` tinytext,
  `ord_date` date NOT NULL DEFAULT '0000-00-00',
  `order_type` int(11) NOT NULL DEFAULT '0',
  `ship_via` int(11) NOT NULL DEFAULT '0',
  `delivery_address` tinytext NOT NULL,
  `contact_phone` varchar(30) DEFAULT NULL,
  `contact_email` varchar(100) DEFAULT NULL,
  `deliver_to` tinytext NOT NULL,
  `freight_cost` double NOT NULL DEFAULT '0',
  `from_stk_loc` varchar(5) NOT NULL DEFAULT '',
  `delivery_date` date NOT NULL DEFAULT '0000-00-00',
  `payment_terms` int(11) DEFAULT NULL,
  `total` double NOT NULL DEFAULT '0',
  `prep_amount` double NOT NULL DEFAULT '0',
  `alloc` double NOT NULL DEFAULT '0',
  PRIMARY KEY (`trans_type`,`order_no`)
) ENGINE=InnoDB ;

### Data of table `0_sales_orders` ###


### Structure of table `0_sales_pos` ###

DROP TABLE IF EXISTS `0_sales_pos`;

CREATE TABLE `0_sales_pos` (
  `id` smallint(6) unsigned NOT NULL AUTO_INCREMENT,
  `pos_name` varchar(30) NOT NULL,
  `cash_sale` tinyint(1) NOT NULL,
  `credit_sale` tinyint(1) NOT NULL,
  `pos_location` varchar(5) NOT NULL,
  `pos_account` smallint(6) unsigned NOT NULL,
  `inactive` tinyint(1) NOT NULL DEFAULT '0',
  PRIMARY KEY (`id`),
  UNIQUE KEY `pos_name` (`pos_name`)
) ENGINE=InnoDB AUTO_INCREMENT=2 ;

### Data of table `0_sales_pos` ###

INSERT INTO `0_sales_pos` VALUES
('1', 'Default', '1', '1', 'DEF', '2', '0');

### Structure of table `0_sales_types` ###

DROP TABLE IF EXISTS `0_sales_types`;

CREATE TABLE `0_sales_types` (
  `id` int(11) NOT NULL AUTO_INCREMENT,
  `sales_type` char(50) NOT NULL DEFAULT '',
  `tax_included` int(1) NOT NULL DEFAULT '0',
  `factor` double NOT NULL DEFAULT '1',
  `inactive` tinyint(1) NOT NULL DEFAULT '0',
  PRIMARY KEY (`id`),
  UNIQUE KEY `sales_type` (`sales_type`)
) ENGINE=InnoDB AUTO_INCREMENT=3 ;

### Data of table `0_sales_types` ###

INSERT INTO `0_sales_types` VALUES
('1', 'Retail', '1', '1', '0'),
('2', 'Wholesale', '0', '0.7', '0');

### Structure of table `0_salesman` ###

DROP TABLE IF EXISTS `0_salesman`;

CREATE TABLE `0_salesman` (
  `salesman_code` int(11) NOT NULL AUTO_INCREMENT,
  `salesman_name` char(60) NOT NULL DEFAULT '',
  `salesman_phone` char(30) NOT NULL DEFAULT '',
  `salesman_fax` char(30) NOT NULL DEFAULT '',
  `salesman_email` varchar(100) NOT NULL DEFAULT '',
  `provision` double NOT NULL DEFAULT '0',
  `break_pt` double NOT NULL DEFAULT '0',
  `provision2` double NOT NULL DEFAULT '0',
  `inactive` tinyint(1) NOT NULL DEFAULT '0',
  PRIMARY KEY (`salesman_code`),
  UNIQUE KEY `salesman_name` (`salesman_name`)
) ENGINE=InnoDB AUTO_INCREMENT=2 ;

### Data of table `0_salesman` ###

INSERT INTO `0_salesman` VALUES
('1', 'Sales Person', '', '', '', '5', '20000', '4', '0');

### Structure of table `0_security_roles` ###

DROP TABLE IF EXISTS `0_security_roles`;

CREATE TABLE `0_security_roles` (
  `id` int(11) NOT NULL AUTO_INCREMENT,
  `role` varchar(30) NOT NULL,
  `description` varchar(50) DEFAULT NULL,
  `sections` text,
  `areas` text,
  `inactive` tinyint(1) NOT NULL DEFAULT '0',
  PRIMARY KEY (`id`),
  UNIQUE KEY `role` (`role`)
) ENGINE=InnoDB AUTO_INCREMENT=11 ;

### Data of table `0_security_roles` ###

INSERT INTO `0_security_roles` VALUES
('1', 'Inquiries', 'Inquiries', '768;2816;3072;3328;5632;5888;8192;8448;10752;11008;13312;15872;16128', '257;258;259;260;513;514;515;516;517;518;519;520;521;522;523;524;525;773;774;2822;3073;3075;3076;3077;3329;3330;3331;3332;3333;3334;3335;5377;5633;5640;5889;5890;5891;7937;7938;7939;7940;8193;8194;8450;8451;10497;10753;11009;11010;11012;13313;13315;15617;15618;15619;15620;15621;15622;15623;15624;15625;15626;15873;15882;16129;16130;16131;16132;775', '0'),
('2', 'System Administrator', 'System Administrator', '256;512;768;2816;3072;3328;5376;5632;5888;7936;8192;8448;10496;10752;11008;13056;13312;15616;15872;16128', '257;258;259;260;513;514;515;516;517;518;519;520;521;522;523;524;525;526;769;770;771;772;773;774;2817;2818;2819;2820;2821;2822;2823;3073;3074;3082;3075;3076;3077;3078;3079;3080;3081;3329;3330;3331;3332;3333;3334;3335;5377;5633;5634;5635;5636;5637;5641;5638;5639;5640;5889;5890;5891;7937;7938;7939;7940;8193;8194;8195;8196;8197;8449;8450;8451;10497;10753;10754;10755;10756;10757;11009;11010;11011;11012;13057;13313;13314;13315;15617;15618;15619;15620;15621;15622;15623;15624;15628;15625;15626;15627;15873;15874;15875;15876;15877;15878;15879;15880;15883;15881;15882;16129;16130;16131;16132;775', '0'),
('3', 'Salesman', 'Salesman', '768;3072;5632;8192;15872', '773;774;3073;3075;3081;5633;8194;15873;775', '0'),
('4', 'Stock Manager', 'Stock Manager', '2816;3072;3328;5632;5888;8192;8448;10752;11008;13312;15872;16128;768', '775', '0'),
('5', 'Production Manager', 'Production Manager', '512;2816;3072;3328;5632;5888;8192;8448;10752;11008;13312;15616;15872;16128;768', '775', '0'),
('6', 'Purchase Officer', 'Purchase Officer', '512;2816;3072;3328;5376;5632;5888;8192;8448;10752;11008;13312;15616;15872;16128;768', '775', '0'),
('7', 'AR Officer', 'AR Officer', '512;768;2816;3072;3328;5632;5888;8192;8448;10752;11008;13312;15616;15872;16128', '521;523;524;771;773;774;2818;2819;2820;2821;2822;2823;3073;3073;3074;3075;3076;3077;3078;3079;3080;3081;3081;3329;3330;3330;3330;3331;3331;3332;3333;3334;3335;5633;5633;5634;5637;5638;5639;5640;5640;5889;5890;5891;8193;8194;8194;8196;8197;8450;8451;10753;10755;11009;11010;11012;13313;13315;15617;15619;15620;15621;15624;15624;15873;15876;15877;15878;15880;15882;16129;16130;16131;16132;775', '0'),
('8', 'AP Officer', 'AP Officer', '512;2816;3072;3328;5376;5632;5888;8192;8448;10752;11008;13312;15616;15872;16128;768', '775', '0'),
('9', 'Accountant', 'New Accountant', '512;768;2816;3072;3328;5376;5632;5888;8192;8448;10752;11008;13312;15616;15872;16128', '257;258;259;260;521;523;524;771;772;773;774;2818;2819;2820;2821;2822;2823;3073;3074;3075;3076;3077;3078;3079;3080;3081;3329;3330;3331;3332;3333;3334;3335;5377;5633;5634;5635;5637;5638;5639;5640;5889;5890;5891;7937;7938;7939;7940;8193;8194;8196;8197;8449;8450;8451;10497;10753;10755;11009;11010;11012;13313;13315;15617;15618;15619;15620;15621;15624;15873;15876;15877;15878;15880;15882;16129;16130;16131;16132;775', '0'),
('10', 'Sub Admin', 'Sub Admin', '512;768;2816;3072;3328;5376;5632;5888;8192;8448;10752;11008;13312;15616;15872;16128', '257;258;259;260;521;523;524;771;772;773;774;2818;2819;2820;2821;2822;2823;3073;3074;3082;3075;3076;3077;3078;3079;3080;3081;3329;3330;3331;3332;3333;3334;3335;5377;5633;5634;5635;5637;5638;5639;5640;5889;5890;5891;7937;7938;7939;7940;8193;8194;8196;8197;8449;8450;8451;10497;10753;10755;11009;11010;11012;13057;13313;13315;15617;15619;15620;15621;15624;15873;15874;15876;15877;15878;15879;15880;15882;16129;16130;16131;16132;775', '0');

### Structure of table `0_shippers` ###

DROP TABLE IF EXISTS `0_shippers`;

CREATE TABLE `0_shippers` (
  `shipper_id` int(11) NOT NULL AUTO_INCREMENT,
  `shipper_name` varchar(60) NOT NULL DEFAULT '',
  `phone` varchar(30) NOT NULL DEFAULT '',
  `phone2` varchar(30) NOT NULL DEFAULT '',
  `contact` tinytext NOT NULL,
  `address` tinytext NOT NULL,
  `inactive` tinyint(1) NOT NULL DEFAULT '0',
  PRIMARY KEY (`shipper_id`),
  UNIQUE KEY `name` (`shipper_name`)
) ENGINE=InnoDB AUTO_INCREMENT=2 ;

### Data of table `0_shippers` ###

INSERT INTO `0_shippers` VALUES
('1', 'Default', '', '', '', '', '0');

### Structure of table `0_sql_trail` ###

DROP TABLE IF EXISTS `0_sql_trail`;

CREATE TABLE `0_sql_trail` (
  `id` int(11) unsigned NOT NULL AUTO_INCREMENT,
  `sql` text NOT NULL,
  `result` tinyint(1) NOT NULL,
  `msg` varchar(255) NOT NULL,
  PRIMARY KEY (`id`)
) ENGINE=InnoDB ;

### Data of table `0_sql_trail` ###


### Structure of table `0_stock_category` ###

DROP TABLE IF EXISTS `0_stock_category`;

CREATE TABLE `0_stock_category` (
  `category_id` int(11) NOT NULL AUTO_INCREMENT,
  `description` varchar(60) NOT NULL DEFAULT '',
  `dflt_tax_type` int(11) NOT NULL DEFAULT '1',
  `dflt_units` varchar(20) NOT NULL DEFAULT 'each',
  `dflt_mb_flag` char(1) NOT NULL DEFAULT 'B',
  `dflt_sales_act` varchar(15) NOT NULL DEFAULT '',
  `dflt_cogs_act` varchar(15) NOT NULL DEFAULT '',
  `dflt_inventory_act` varchar(15) NOT NULL DEFAULT '',
  `dflt_adjustment_act` varchar(15) NOT NULL DEFAULT '',
  `dflt_wip_act` varchar(15) NOT NULL DEFAULT '',
  `dflt_dim1` int(11) DEFAULT NULL,
  `dflt_dim2` int(11) DEFAULT NULL,
  `inactive` tinyint(1) NOT NULL DEFAULT '0',
  `dflt_no_sale` tinyint(1) NOT NULL DEFAULT '0',
  `dflt_no_purchase` tinyint(1) NOT NULL DEFAULT '0',
  PRIMARY KEY (`category_id`),
  UNIQUE KEY `description` (`description`)
) ENGINE=InnoDB AUTO_INCREMENT=5 ;

### Data of table `0_stock_category` ###

INSERT INTO `0_stock_category` VALUES
('1', 'Components', '1', 'each', 'B', '4000', '7000', '1510', '8500', '1510', '0', '0', '0', '0', '0'),
('2', 'Charges', '1', 'each', 'D', '4000', '7000', '1510', '8500', '1510', '0', '0', '0', '0', '0'),
('3', 'Systems', '1', 'each', 'M', '4000', '7000', '1510', '8500', '1510', '0', '0', '0', '0', '0'),
('4', 'Services', '1', 'hrs', 'D', '4000', '7000', '1510', '8500', '1510', '0', '0', '0', '0', '0');

### Structure of table `0_stock_fa_class` ###

DROP TABLE IF EXISTS `0_stock_fa_class`;

CREATE TABLE `0_stock_fa_class` (
  `fa_class_id` varchar(20) NOT NULL DEFAULT '',
  `parent_id` varchar(20) NOT NULL DEFAULT '',
  `description` varchar(200) NOT NULL DEFAULT '',
  `long_description` tinytext NOT NULL,
  `depreciation_rate` double NOT NULL DEFAULT '0',
  `inactive` tinyint(1) NOT NULL DEFAULT '0',
  PRIMARY KEY (`fa_class_id`)
) ENGINE=InnoDB ;

### Data of table `0_stock_fa_class` ###


### Structure of table `0_stock_master` ###

DROP TABLE IF EXISTS `0_stock_master`;

CREATE TABLE `0_stock_master` (
  `stock_id` varchar(20) NOT NULL DEFAULT '',
  `category_id` int(11) NOT NULL DEFAULT '0',
  `tax_type_id` int(11) NOT NULL DEFAULT '0',
  `description` varchar(200) NOT NULL DEFAULT '',
  `long_description` tinytext NOT NULL,
  `units` varchar(20) NOT NULL DEFAULT 'each',
  `mb_flag` char(1) NOT NULL DEFAULT 'B',
  `sales_account` varchar(15) NOT NULL DEFAULT '',
  `cogs_account` varchar(15) NOT NULL DEFAULT '',
  `inventory_account` varchar(15) NOT NULL DEFAULT '',
  `adjustment_account` varchar(15) NOT NULL DEFAULT '',
  `wip_account` varchar(15) NOT NULL DEFAULT '',
  `dimension_id` int(11) DEFAULT NULL,
  `dimension2_id` int(11) DEFAULT NULL,
  `purchase_cost` double NOT NULL DEFAULT '0',
  `material_cost` double NOT NULL DEFAULT '0',
  `labour_cost` double NOT NULL DEFAULT '0',
  `overhead_cost` double NOT NULL DEFAULT '0',
  `inactive` tinyint(1) NOT NULL DEFAULT '0',
  `no_sale` tinyint(1) NOT NULL DEFAULT '0',
  `no_purchase` tinyint(1) NOT NULL DEFAULT '0',
  `editable` tinyint(1) NOT NULL DEFAULT '0',
  `depreciation_method` char(1) NOT NULL DEFAULT 'S',
  `depreciation_rate` double NOT NULL DEFAULT '0',
  `depreciation_factor` double NOT NULL DEFAULT '0',
  `depreciation_start` date NOT NULL DEFAULT '0000-00-00',
  `depreciation_date` date NOT NULL DEFAULT '0000-00-00',
  `fa_class_id` varchar(20) NOT NULL DEFAULT '',
  PRIMARY KEY (`stock_id`)
) ENGINE=InnoDB ;

### Data of table `0_stock_master` ###


### Structure of table `0_stock_moves` ###

DROP TABLE IF EXISTS `0_stock_moves`;

CREATE TABLE `0_stock_moves` (
  `trans_id` int(11) NOT NULL AUTO_INCREMENT,
  `trans_no` int(11) NOT NULL DEFAULT '0',
  `stock_id` char(20) NOT NULL DEFAULT '',
  `type` smallint(6) NOT NULL DEFAULT '0',
  `loc_code` char(5) NOT NULL DEFAULT '',
  `tran_date` date NOT NULL DEFAULT '0000-00-00',
  `price` double NOT NULL DEFAULT '0',
  `reference` char(40) NOT NULL DEFAULT '',
  `qty` double NOT NULL DEFAULT '1',
  `standard_cost` double NOT NULL DEFAULT '0',
  PRIMARY KEY (`trans_id`),
  KEY `type` (`type`,`trans_no`),
  KEY `Move` (`stock_id`,`loc_code`,`tran_date`)
) ENGINE=InnoDB ;

### Data of table `0_stock_moves` ###


### Structure of table `0_supp_allocations` ###

DROP TABLE IF EXISTS `0_supp_allocations`;

CREATE TABLE `0_supp_allocations` (
  `id` int(11) NOT NULL AUTO_INCREMENT,
  `person_id` int(11) DEFAULT NULL,
  `amt` double unsigned DEFAULT NULL,
  `date_alloc` date NOT NULL DEFAULT '0000-00-00',
  `trans_no_from` int(11) DEFAULT NULL,
  `trans_type_from` int(11) DEFAULT NULL,
  `trans_no_to` int(11) DEFAULT NULL,
  `trans_type_to` int(11) DEFAULT NULL,
  PRIMARY KEY (`id`),
  UNIQUE KEY `person_id` (`person_id`,`trans_type_from`,`trans_no_from`,`trans_type_to`,`trans_no_to`),
  KEY `From` (`trans_type_from`,`trans_no_from`),
  KEY `To` (`trans_type_to`,`trans_no_to`)
) ENGINE=InnoDB ;

### Data of table `0_supp_allocations` ###


### Structure of table `0_supp_invoice_items` ###

DROP TABLE IF EXISTS `0_supp_invoice_items`;

CREATE TABLE `0_supp_invoice_items` (
  `id` int(11) NOT NULL AUTO_INCREMENT,
  `supp_trans_no` int(11) DEFAULT NULL,
  `supp_trans_type` int(11) DEFAULT NULL,
  `gl_code` varchar(15) NOT NULL DEFAULT '',
  `grn_item_id` int(11) DEFAULT NULL,
  `po_detail_item_id` int(11) DEFAULT NULL,
  `stock_id` varchar(20) NOT NULL DEFAULT '',
  `description` tinytext,
  `quantity` double NOT NULL DEFAULT '0',
  `unit_price` double NOT NULL DEFAULT '0',
  `unit_tax` double NOT NULL DEFAULT '0',
  `memo_` tinytext,
  `dimension_id` int(11) NOT NULL DEFAULT '0',
  `dimension2_id` int(11) NOT NULL DEFAULT '0',
  PRIMARY KEY (`id`),
  KEY `Transaction` (`supp_trans_type`,`supp_trans_no`,`stock_id`)
) ENGINE=InnoDB ;

### Data of table `0_supp_invoice_items` ###


### Structure of table `0_supp_trans` ###

DROP TABLE IF EXISTS `0_supp_trans`;

CREATE TABLE `0_supp_trans` (
  `trans_no` int(11) unsigned NOT NULL DEFAULT '0',
  `type` smallint(6) unsigned NOT NULL DEFAULT '0',
  `supplier_id` int(11) unsigned NOT NULL DEFAULT '0',
  `reference` tinytext NOT NULL,
  `supp_reference` varchar(60) NOT NULL DEFAULT '',
  `tran_date` date NOT NULL DEFAULT '0000-00-00',
  `due_date` date NOT NULL DEFAULT '0000-00-00',
  `ov_amount` double NOT NULL DEFAULT '0',
  `ov_discount` double NOT NULL DEFAULT '0',
  `ov_gst` double NOT NULL DEFAULT '0',
  `rate` double NOT NULL DEFAULT '1',
  `alloc` double NOT NULL DEFAULT '0',
  `tax_included` tinyint(1) NOT NULL DEFAULT '0',
  PRIMARY KEY (`type`,`trans_no`,`supplier_id`),
  KEY `supplier_id` (`supplier_id`),
  KEY `tran_date` (`tran_date`)
) ENGINE=InnoDB ;

### Data of table `0_supp_trans` ###


### Structure of table `0_suppliers` ###

DROP TABLE IF EXISTS `0_suppliers`;

CREATE TABLE `0_suppliers` (
  `supplier_id` int(11) NOT NULL AUTO_INCREMENT,
  `supp_name` varchar(60) NOT NULL DEFAULT '',
  `supp_ref` varchar(30) NOT NULL DEFAULT '',
  `address` tinytext NOT NULL,
  `supp_address` tinytext NOT NULL,
  `gst_no` varchar(25) NOT NULL DEFAULT '',
  `contact` varchar(60) NOT NULL DEFAULT '',
  `supp_account_no` varchar(40) NOT NULL DEFAULT '',
  `website` varchar(100) NOT NULL DEFAULT '',
  `bank_account` varchar(60) NOT NULL DEFAULT '',
  `curr_code` char(3) DEFAULT NULL,
  `payment_terms` int(11) DEFAULT NULL,
  `tax_included` tinyint(1) NOT NULL DEFAULT '0',
  `dimension_id` int(11) DEFAULT '0',
  `dimension2_id` int(11) DEFAULT '0',
  `tax_group_id` int(11) DEFAULT NULL,
  `credit_limit` double NOT NULL DEFAULT '0',
  `purchase_account` varchar(15) NOT NULL DEFAULT '',
  `payable_account` varchar(15) NOT NULL DEFAULT '',
  `payment_discount_account` varchar(15) NOT NULL DEFAULT '',
  `notes` tinytext NOT NULL,
  `inactive` tinyint(1) NOT NULL DEFAULT '0',
  PRIMARY KEY (`supplier_id`),
  KEY `supp_ref` (`supp_ref`)
) ENGINE=InnoDB ;

### Data of table `0_suppliers` ###


### Structure of table `0_sys_prefs` ###

DROP TABLE IF EXISTS `0_sys_prefs`;

CREATE TABLE `0_sys_prefs` (
  `name` varchar(35) NOT NULL DEFAULT '',
  `category` varchar(30) DEFAULT NULL,
  `type` varchar(20) NOT NULL DEFAULT '',
  `length` smallint(6) DEFAULT NULL,
  `value` text NOT NULL,
  PRIMARY KEY (`name`),
  KEY `category` (`category`)
) ENGINE=InnoDB ;

### Data of table `0_sys_prefs` ###

INSERT INTO `0_sys_prefs` VALUES
('accounts_alpha', 'glsetup.general', 'tinyint', '1', '0'),
('accumulate_shipping', 'glsetup.customer', 'tinyint', '1', '0'),
('add_pct', 'setup.company', 'int', '5', '-1'),
('allow_negative_prices', 'glsetup.inventory', 'tinyint', '1', '1'),
('allow_negative_stock', 'glsetup.inventory', 'tinyint', '1', '0'),
('alternative_tax_include_on_docs', 'setup.company', 'tinyint', '1', '0'),
('auto_curr_reval', 'setup.company', 'smallint', '6', '1'),
('bank_charge_act', 'glsetup.general', 'varchar', '15', '8250'),
('base_sales', 'setup.company', 'int', '11', '1'),
('bcc_email', 'setup.company', 'varchar', '100', ''),
('coy_logo', 'setup.company', 'varchar', '100', ''),
('coy_name', 'setup.company', 'varchar', '60', 'Company name'),
('coy_no', 'setup.company', 'varchar', '25', ''),
('creditors_act', 'glsetup.purchase', 'varchar', '15', '2010'),
('curr_default', 'setup.company', 'char', '3', 'USD'),
('debtors_act', 'glsetup.sales', 'varchar', '15', '1100'),
('default_adj_act', 'glsetup.items', 'varchar', '15', '7000'),
('default_cogs_act', 'glsetup.items', 'varchar', '15', '7000'),
('default_credit_limit', 'glsetup.customer', 'int', '11', '1000'),
('default_delivery_required', 'glsetup.sales', 'smallint', '6', '1'),
('default_dim_required', 'glsetup.dims', 'int', '11', '20'),
('default_inv_sales_act', 'glsetup.items', 'varchar', '15', '4000'),
('default_inventory_act', 'glsetup.items', 'varchar', '15', '1510'),
('default_loss_on_asset_disposal_act', 'glsetup.items', 'varchar', '15', '5660'),
('default_prompt_payment_act', 'glsetup.sales', 'varchar', '15', '4255'),
('default_quote_valid_days', 'glsetup.sales', 'smallint', '6', '30'),
('default_receival_required', 'glsetup.purchase', 'smallint', '6', '10'),
('default_sales_act', 'glsetup.sales', 'varchar', '15', '4000'),
('default_sales_discount_act', 'glsetup.sales', 'varchar', '15', '4255'),
('default_wip_act', 'glsetup.items', 'varchar', '15', '1510'),
('default_workorder_required', 'glsetup.manuf', 'int', '11', '20'),
('deferred_income_act', 'glsetup.sales', 'varchar', '15', ''),
('depreciation_period', 'glsetup.company', 'tinyint', '1', '1'),
('domicile', 'setup.company', 'varchar', '55', ''),
('email', 'setup.company', 'varchar', '100', ''),
('exchange_diff_act', 'glsetup.general', 'varchar', '15', '8500'),
('f_year', 'setup.company', 'int', '11', '4'),
('fax', 'setup.company', 'varchar', '30', ''),
('freight_act', 'glsetup.customer', 'varchar', '15', '5490'),
('gl_closing_date', 'setup.closing_date', 'date', '8', ''),
('grn_clearing_act', 'glsetup.purchase', 'varchar', '15', '1510'),
('gst_no', 'setup.company', 'varchar', '25', ''),
('legal_text', 'glsetup.customer', 'tinytext', '0', ''),
('loc_notification', 'glsetup.inventory', 'tinyint', '1', '0'),
('login_tout', 'setup.company', 'smallint', '6', '600'),
('no_customer_list', 'setup.company', 'tinyint', '1', '0'),
('no_item_list', 'setup.company', 'tinyint', '1', '0'),
('no_supplier_list', 'setup.company', 'tinyint', '1', '0'),
('no_zero_lines_amount', 'glsetup.sales', 'tinyint', '1', '1'),
('past_due_days', 'glsetup.general', 'int', '11', '30'),
('phone', 'setup.company', 'varchar', '30', ''),
('po_over_charge', 'glsetup.purchase', 'int', '11', '10'),
('po_over_receive', 'glsetup.purchase', 'int', '11', '10'),
('postal_address', 'setup.company', 'tinytext', '0', 'N/A'),
('print_invoice_no', 'glsetup.sales', 'tinyint', '1', '0'),
('print_item_images_on_quote', 'glsetup.inventory', 'tinyint', '1', '0'),
('profit_loss_year_act', 'glsetup.general', 'varchar', '15', '9990'),
('pyt_discount_act', 'glsetup.purchase', 'varchar', '15', '7000'),
('ref_no_auto_increase','setup.company', 'tinyint', 1, '0'),
('retained_earnings_act', 'glsetup.general', 'varchar', '15', '3200'),
('round_to', 'setup.company', 'int', '5', '1'),
('show_po_item_codes', 'glsetup.purchase', 'tinyint', '1', '0'),
('suppress_tax_rates', 'setup.company', 'tinyint', '1', '0'),
('tax_algorithm', 'glsetup.customer', 'tinyint', '1', '1'),
('tax_last', 'setup.company', 'int', '11', '1'),
('tax_prd', 'setup.company', 'int', '11', '1'),
('time_zone', 'setup.company', 'tinyint', '1', '0'),
('use_dimension', 'setup.company', 'tinyint', '1', '1'),
('use_fixed_assets', 'setup.company', 'tinyint', '1', '1'),
('use_manufacturing', 'setup.company', 'tinyint', '1', '1'),
('version_id', 'system', 'varchar', '11', '2.4.1');


### Structure of table `0_tag_associations` ###

DROP TABLE IF EXISTS `0_tag_associations`;

CREATE TABLE `0_tag_associations` (
  `record_id` varchar(15) NOT NULL,
  `tag_id` int(11) NOT NULL,
  UNIQUE KEY `record_id` (`record_id`,`tag_id`)
) ENGINE=InnoDB ;

### Data of table `0_tag_associations` ###


### Structure of table `0_tags` ###

DROP TABLE IF EXISTS `0_tags`;

CREATE TABLE `0_tags` (
  `id` int(11) NOT NULL AUTO_INCREMENT,
  `type` smallint(6) NOT NULL,
  `name` varchar(30) NOT NULL,
  `description` varchar(60) DEFAULT NULL,
  `inactive` tinyint(1) NOT NULL DEFAULT '0',
  PRIMARY KEY (`id`),
  UNIQUE KEY `type` (`type`,`name`)
) ENGINE=InnoDB ;

### Data of table `0_tags` ###


### Structure of table `0_tax_group_items` ###

DROP TABLE IF EXISTS `0_tax_group_items`;

CREATE TABLE `0_tax_group_items` (
  `tax_group_id` int(11) NOT NULL DEFAULT '0',
  `tax_type_id` int(11) NOT NULL DEFAULT '0',
  `tax_shipping` tinyint(1) NOT NULL DEFAULT '0',
  PRIMARY KEY (`tax_group_id`,`tax_type_id`)
) ENGINE=InnoDB ;

### Data of table `0_tax_group_items` ###

INSERT INTO `0_tax_group_items` VALUES
('1', '1', '0');

### Structure of table `0_tax_groups` ###

DROP TABLE IF EXISTS `0_tax_groups`;

CREATE TABLE `0_tax_groups` (
  `id` int(11) NOT NULL AUTO_INCREMENT,
  `name` varchar(60) NOT NULL DEFAULT '',
  `inactive` tinyint(1) NOT NULL DEFAULT '0',
  PRIMARY KEY (`id`),
  UNIQUE KEY `name` (`name`)
) ENGINE=InnoDB AUTO_INCREMENT=3 ;

### Data of table `0_tax_groups` ###

INSERT INTO `0_tax_groups` VALUES
('1', 'Tax', '0'),
('2', 'Tax Exempt', '0');

### Structure of table `0_tax_types` ###

DROP TABLE IF EXISTS `0_tax_types`;

CREATE TABLE `0_tax_types` (
  `id` int(11) NOT NULL AUTO_INCREMENT,
  `rate` double NOT NULL DEFAULT '0',
  `sales_gl_code` varchar(15) NOT NULL DEFAULT '',
  `purchasing_gl_code` varchar(15) NOT NULL DEFAULT '',
  `name` varchar(60) NOT NULL DEFAULT '',
  `inactive` tinyint(1) NOT NULL DEFAULT '0',
  PRIMARY KEY (`id`)
) ENGINE=InnoDB AUTO_INCREMENT=2 ;

### Data of table `0_tax_types` ###

INSERT INTO `0_tax_types` VALUES
('1', '5', '2140', '2140', 'Tax', '0');

### Structure of table `0_trans_tax_details` ###

DROP TABLE IF EXISTS `0_trans_tax_details`;

CREATE TABLE `0_trans_tax_details` (
  `id` int(11) NOT NULL AUTO_INCREMENT,
  `trans_type` smallint(6) DEFAULT NULL,
  `trans_no` int(11) DEFAULT NULL,
  `tran_date` date NOT NULL,
  `tax_type_id` int(11) NOT NULL DEFAULT '0',
  `rate` double NOT NULL DEFAULT '0',
  `ex_rate` double NOT NULL DEFAULT '1',
  `included_in_price` tinyint(1) NOT NULL DEFAULT '0',
  `net_amount` double NOT NULL DEFAULT '0',
  `amount` double NOT NULL DEFAULT '0',
  `memo` tinytext,
  `reg_type` tinyint(1) DEFAULT NULL,
  PRIMARY KEY (`id`),
  KEY `Type_and_Number` (`trans_type`,`trans_no`),
  KEY `tran_date` (`tran_date`)
) ENGINE=InnoDB ;

### Data of table `0_trans_tax_details` ###


### Structure of table `0_useronline` ###

DROP TABLE IF EXISTS `0_useronline`;

CREATE TABLE `0_useronline` (
  `id` int(11) NOT NULL AUTO_INCREMENT,
  `timestamp` int(15) NOT NULL DEFAULT '0',
  `ip` varchar(40) NOT NULL DEFAULT '',
  `file` varchar(100) NOT NULL DEFAULT '',
  PRIMARY KEY (`id`),
  KEY `timestamp` (`timestamp`),
  KEY `ip` (`ip`)
) ENGINE=InnoDB ;

### Data of table `0_useronline` ###


### Structure of table `0_users` ###

DROP TABLE IF EXISTS `0_users`;

CREATE TABLE `0_users` (
  `id` smallint(6) NOT NULL AUTO_INCREMENT,
  `user_id` varchar(60) NOT NULL DEFAULT '',
  `password` varchar(100) NOT NULL DEFAULT '',
  `real_name` varchar(100) NOT NULL DEFAULT '',
  `role_id` int(11) NOT NULL DEFAULT '1',
  `phone` varchar(30) NOT NULL DEFAULT '',
  `email` varchar(100) DEFAULT NULL,
  `language` varchar(20) DEFAULT NULL,
  `date_format` tinyint(1) NOT NULL DEFAULT '0',
  `date_sep` tinyint(1) NOT NULL DEFAULT '0',
  `tho_sep` tinyint(1) NOT NULL DEFAULT '0',
  `dec_sep` tinyint(1) NOT NULL DEFAULT '0',
  `theme` varchar(20) NOT NULL DEFAULT 'default',
  `page_size` varchar(20) NOT NULL DEFAULT 'A4',
  `prices_dec` smallint(6) NOT NULL DEFAULT '2',
  `qty_dec` smallint(6) NOT NULL DEFAULT '2',
  `rates_dec` smallint(6) NOT NULL DEFAULT '4',
  `percent_dec` smallint(6) NOT NULL DEFAULT '1',
  `show_gl` tinyint(1) NOT NULL DEFAULT '1',
  `show_codes` tinyint(1) NOT NULL DEFAULT '0',
  `show_hints` tinyint(1) NOT NULL DEFAULT '0',
  `last_visit_date` datetime DEFAULT NULL,
  `query_size` tinyint(1) unsigned NOT NULL DEFAULT '10',
  `graphic_links` tinyint(1) DEFAULT '1',
  `pos` smallint(6) DEFAULT '1',
  `print_profile` varchar(30) NOT NULL DEFAULT '1',
  `rep_popup` tinyint(1) DEFAULT '1',
  `sticky_doc_date` tinyint(1) DEFAULT '0',
  `startup_tab` varchar(20) NOT NULL DEFAULT '',
  `transaction_days` int(6) NOT NULL DEFAULT '30' COMMENT 'Transaction days',
  `save_report_selections` smallint(6) NOT NULL DEFAULT '0' COMMENT 'Save Report Selection Days',
  `use_date_picker` tinyint(1) NOT NULL DEFAULT '1' COMMENT 'Use Date Picker for all Date Values',
  `def_print_destination` tinyint(1) NOT NULL DEFAULT '0' COMMENT 'Default Report Destination',
  `def_print_orientation` tinyint(1) NOT NULL DEFAULT '0' COMMENT 'Default Report Orientation',
  `inactive` tinyint(1) NOT NULL DEFAULT '0',
  PRIMARY KEY (`id`),
  UNIQUE KEY `user_id` (`user_id`)
) ENGINE=InnoDB AUTO_INCREMENT=2 ;

### Data of table `0_users` ###

INSERT INTO `0_users` VALUES
('1', 'admin', '5f4dcc3b5aa765d61d8327deb882cf99', 'Administrator', '2', '', 'adm@adm.com', 'en_US', '0', '0', '0', '0', 'default', 'Letter', '2', '2', '4', '1', '1', '0', '0', '2018-04-04 12:34:29', '10', '1', '1', '1', '1', '0', 'orders', '30', '0', '1', '0', '0', '0');

### Structure of table `0_voided` ###

DROP TABLE IF EXISTS `0_voided`;

CREATE TABLE `0_voided` (
  `type` int(11) NOT NULL DEFAULT '0',
  `id` int(11) NOT NULL DEFAULT '0',
  `date_` date NOT NULL DEFAULT '0000-00-00',
  `memo_` tinytext NOT NULL,
  UNIQUE KEY `id` (`type`,`id`)
) ENGINE=InnoDB ;

### Data of table `0_voided` ###


### Structure of table `0_wo_costing` ###

DROP TABLE IF EXISTS `0_wo_costing`;

CREATE TABLE `0_wo_costing` (
  `id` int(11) NOT NULL AUTO_INCREMENT,
  `workorder_id` int(11) NOT NULL DEFAULT '0',
  `cost_type` tinyint(1) NOT NULL DEFAULT '0',
  `trans_type` int(11) NOT NULL DEFAULT '0',
  `trans_no` int(11) NOT NULL DEFAULT '0',
  `factor` double NOT NULL DEFAULT '1',
  PRIMARY KEY (`id`)
) ENGINE=InnoDB ;

### Data of table `0_wo_costing` ###


### Structure of table `0_wo_issue_items` ###

DROP TABLE IF EXISTS `0_wo_issue_items`;

CREATE TABLE `0_wo_issue_items` (
  `id` int(11) NOT NULL AUTO_INCREMENT,
  `stock_id` varchar(40) DEFAULT NULL,
  `issue_id` int(11) DEFAULT NULL,
  `qty_issued` double DEFAULT NULL,
  `unit_cost` double NOT NULL DEFAULT '0',
  PRIMARY KEY (`id`)
) ENGINE=InnoDB ;

### Data of table `0_wo_issue_items` ###


### Structure of table `0_wo_issues` ###

DROP TABLE IF EXISTS `0_wo_issues`;

CREATE TABLE `0_wo_issues` (
  `issue_no` int(11) NOT NULL AUTO_INCREMENT,
  `workorder_id` int(11) NOT NULL DEFAULT '0',
  `reference` varchar(100) DEFAULT NULL,
  `issue_date` date DEFAULT NULL,
  `loc_code` varchar(5) DEFAULT NULL,
  `workcentre_id` int(11) DEFAULT NULL,
  PRIMARY KEY (`issue_no`),
  KEY `workorder_id` (`workorder_id`)
) ENGINE=InnoDB ;

### Data of table `0_wo_issues` ###


### Structure of table `0_wo_manufacture` ###

DROP TABLE IF EXISTS `0_wo_manufacture`;

CREATE TABLE `0_wo_manufacture` (
  `id` int(11) NOT NULL AUTO_INCREMENT,
  `reference` varchar(100) DEFAULT NULL,
  `workorder_id` int(11) NOT NULL DEFAULT '0',
  `quantity` double NOT NULL DEFAULT '0',
  `date_` date NOT NULL DEFAULT '0000-00-00',
  PRIMARY KEY (`id`),
  KEY `workorder_id` (`workorder_id`)
) ENGINE=InnoDB ;

### Data of table `0_wo_manufacture` ###


### Structure of table `0_wo_requirements` ###

DROP TABLE IF EXISTS `0_wo_requirements`;

CREATE TABLE `0_wo_requirements` (
  `id` int(11) NOT NULL AUTO_INCREMENT,
  `workorder_id` int(11) NOT NULL DEFAULT '0',
  `stock_id` char(20) NOT NULL DEFAULT '',
  `workcentre` int(11) NOT NULL DEFAULT '0',
  `units_req` double NOT NULL DEFAULT '1',
  `unit_cost` double NOT NULL DEFAULT '0',
  `loc_code` char(5) NOT NULL DEFAULT '',
  `units_issued` double NOT NULL DEFAULT '0',
  PRIMARY KEY (`id`),
  KEY `workorder_id` (`workorder_id`)
) ENGINE=InnoDB ;

### Data of table `0_wo_requirements` ###


### Structure of table `0_workcentres` ###

DROP TABLE IF EXISTS `0_workcentres`;

CREATE TABLE `0_workcentres` (
  `id` int(11) NOT NULL AUTO_INCREMENT,
  `name` char(40) NOT NULL DEFAULT '',
  `description` char(50) NOT NULL DEFAULT '',
  `inactive` tinyint(1) NOT NULL DEFAULT '0',
  PRIMARY KEY (`id`),
  UNIQUE KEY `name` (`name`)
) ENGINE=InnoDB ;

### Data of table `0_workcentres` ###


### Structure of table `0_workorders` ###

DROP TABLE IF EXISTS `0_workorders`;

CREATE TABLE `0_workorders` (
  `id` int(11) NOT NULL AUTO_INCREMENT,
  `wo_ref` varchar(60) NOT NULL DEFAULT '',
  `loc_code` varchar(5) NOT NULL DEFAULT '',
  `units_reqd` double NOT NULL DEFAULT '1',
  `stock_id` varchar(20) NOT NULL DEFAULT '',
  `date_` date NOT NULL DEFAULT '0000-00-00',
  `type` tinyint(4) NOT NULL DEFAULT '0',
  `required_by` date NOT NULL DEFAULT '0000-00-00',
  `released_date` date NOT NULL DEFAULT '0000-00-00',
  `units_issued` double NOT NULL DEFAULT '0',
  `closed` tinyint(1) NOT NULL DEFAULT '0',
  `released` tinyint(1) NOT NULL DEFAULT '0',
  `additional_costs` double NOT NULL DEFAULT '0',
  PRIMARY KEY (`id`),
  UNIQUE KEY `wo_ref` (`wo_ref`)
) ENGINE=InnoDB ;

### Data of table `0_workorders` ###
