# MySQL dump of database 'faupgrade' on host 'localhost'
# Backup Date and Time: 2016-02-23 16:57
# Built by FrontAccounting 2.4.RC1
# http://frontaccounting.com
# Company: Training Co.
# User: 

# Compatibility: 2.4.1


SET NAMES latin1;


### Structure of table `0_areas` ###

DROP TABLE IF EXISTS `0_areas`;

CREATE TABLE `0_areas` (
  `area_code` int(11) NOT NULL AUTO_INCREMENT,
  `description` varchar(60) NOT NULL DEFAULT '',
  `inactive` tinyint(1) NOT NULL DEFAULT '0',
  PRIMARY KEY (`area_code`),
  UNIQUE KEY `description` (`description`)
) ENGINE=InnoDB AUTO_INCREMENT=2 ;

### Data of table `0_areas` ###


### Structure of table `0_attachments` ###

DROP TABLE IF EXISTS `0_attachments`;

CREATE TABLE `0_attachments` (
  `id` int(11) unsigned NOT NULL AUTO_INCREMENT,
  `description` varchar(60) NOT NULL DEFAULT '',
  `type_no` int(11) NOT NULL DEFAULT '0',
  `trans_no` int(11) NOT NULL DEFAULT '0',
  `unique_name` varchar(60) NOT NULL DEFAULT '',
  `tran_date` date NOT NULL DEFAULT '0000-00-00',
  `filename` varchar(60) NOT NULL DEFAULT '',
  `filesize` int(11) NOT NULL DEFAULT '0',
  `filetype` varchar(60) NOT NULL DEFAULT '',
  PRIMARY KEY (`id`),
  KEY `type_no` (`type_no`,`trans_no`)
) ENGINE=InnoDB ;

### Data of table `0_attachments` ###


### Structure of table `0_audit_trail` ###

DROP TABLE IF EXISTS `0_audit_trail`;

CREATE TABLE `0_audit_trail` (
  `id` int(11) NOT NULL AUTO_INCREMENT,
  `type` smallint(6) unsigned NOT NULL DEFAULT '0',
  `trans_no` int(11) unsigned NOT NULL DEFAULT '0',
  `user` smallint(6) unsigned NOT NULL DEFAULT '0',
  `stamp` timestamp NOT NULL DEFAULT CURRENT_TIMESTAMP,
  `description` varchar(60) DEFAULT NULL,
  `fiscal_year` int(11) NOT NULL DEFAULT '0',
  `gl_date` date NOT NULL DEFAULT '0000-00-00',
  `gl_seq` int(11) unsigned DEFAULT NULL,
  PRIMARY KEY (`id`),
  KEY `Seq` (`fiscal_year`,`gl_date`,`gl_seq`),
  KEY `Type_and_Number` (`type`,`trans_no`)
) ENGINE=InnoDB ;

### Data of table `0_audit_trail` ###


### Structure of table `0_bank_accounts` ###

DROP TABLE IF EXISTS `0_bank_accounts`;

CREATE TABLE `0_bank_accounts` (
  `account_code` varchar(15) NOT NULL DEFAULT '',
  `account_type` smallint(6) NOT NULL DEFAULT '0',
  `bank_account_name` varchar(60) NOT NULL DEFAULT '',
  `bank_account_number` varchar(100) NOT NULL DEFAULT '',
  `bank_name` varchar(60) NOT NULL DEFAULT '',
  `bank_address` tinytext,
  `bank_curr_code` char(3) NOT NULL DEFAULT '',
  `dflt_curr_act` tinyint(1) NOT NULL DEFAULT '0',
  `id` smallint(6) NOT NULL AUTO_INCREMENT,
  `bank_charge_act` varchar(15) NOT NULL DEFAULT '',
  `last_reconciled_date` timestamp NOT NULL DEFAULT '0000-00-00 00:00:00',
  `ending_reconcile_balance` double NOT NULL DEFAULT '0',
  `inactive` tinyint(1) NOT NULL DEFAULT '0',
  PRIMARY KEY (`id`),
  KEY `bank_account_name` (`bank_account_name`),
  KEY `bank_account_number` (`bank_account_number`),
  KEY `account_code` (`account_code`)
) ENGINE=InnoDB AUTO_INCREMENT=4 ;

### Data of table `0_bank_accounts` ###

INSERT INTO `0_bank_accounts` VALUES
('1930', '0', 'Bankkonto', 'N/A', 'N/A', NULL, 'SEK', '0', '1', '4010', '0000-00-00 00:00:00', '0', '0'),
('1920', '0', 'Plusgiro', 'N/A', 'N/A', NULL, 'SEK', '0', '2', '4010', '0000-00-00 00:00:00', '0', '0'),
('1910', '0', 'Kassa', 'N/A', 'N/A', NULL, 'SEK', '0', '3', '4010', '0000-00-00 00:00:00', '0', '0');

### Structure of table `0_bank_trans` ###

DROP TABLE IF EXISTS `0_bank_trans`;

CREATE TABLE `0_bank_trans` (
  `id` int(11) NOT NULL AUTO_INCREMENT,
  `type` smallint(6) DEFAULT NULL,
  `trans_no` int(11) DEFAULT NULL,
  `bank_act` varchar(15) NOT NULL DEFAULT '',
  `ref` varchar(40) DEFAULT NULL,
  `trans_date` date NOT NULL DEFAULT '0000-00-00',
  `bank_trans_type_id` int(10) unsigned DEFAULT NULL,
  `amount` double DEFAULT NULL,
  `dimension_id` int(11) NOT NULL DEFAULT '0',
  `dimension2_id` int(11) NOT NULL DEFAULT '0',
  `person_type_id` int(11) NOT NULL DEFAULT '0',
  `person_id` tinyblob,
  `reconciled` date DEFAULT NULL,
  PRIMARY KEY (`id`),
  KEY `bank_act` (`bank_act`,`ref`),
  KEY `type` (`type`,`trans_no`),
  KEY `bank_act_2` (`bank_act`,`reconciled`),
  KEY `bank_act_3` (`bank_act`,`trans_date`)
) ENGINE=InnoDB ;

### Data of table `0_bank_trans` ###


### Structure of table `0_bom` ###

DROP TABLE IF EXISTS `0_bom`;

CREATE TABLE `0_bom` (
  `id` int(11) NOT NULL AUTO_INCREMENT,
  `parent` char(20) NOT NULL DEFAULT '',
  `component` char(20) NOT NULL DEFAULT '',
  `workcentre_added` int(11) NOT NULL DEFAULT '0',
  `loc_code` char(5) NOT NULL DEFAULT '',
  `quantity` double NOT NULL DEFAULT '1',
  PRIMARY KEY (`parent`,`component`,`workcentre_added`,`loc_code`),
  KEY `component` (`component`),
  KEY `id` (`id`),
  KEY `loc_code` (`loc_code`),
  KEY `parent` (`parent`,`loc_code`),
  KEY `workcentre_added` (`workcentre_added`)
) ENGINE=InnoDB ;

### Data of table `0_bom` ###


### Structure of table `0_budget_trans` ###

DROP TABLE IF EXISTS `0_budget_trans`;

CREATE TABLE `0_budget_trans` (
  `id` int(11) NOT NULL AUTO_INCREMENT,
  `tran_date` date NOT NULL DEFAULT '0000-00-00',
  `account` varchar(15) NOT NULL DEFAULT '',
  `amount` double NOT NULL DEFAULT '0',
  `dimension_id` int(11) DEFAULT '0',
  `dimension2_id` int(11) DEFAULT '0',
  PRIMARY KEY (`id`),
  KEY `Account` (`account`,`tran_date`,`dimension_id`,`dimension2_id`)
) ENGINE=InnoDB ;

### Data of table `0_budget_trans` ###


### Structure of table `0_chart_class` ###

DROP TABLE IF EXISTS `0_chart_class`;

CREATE TABLE `0_chart_class` (
  `cid` varchar(3) NOT NULL,
  `class_name` varchar(60) NOT NULL DEFAULT '',
  `ctype` tinyint(1) NOT NULL DEFAULT '0',
  `inactive` tinyint(1) NOT NULL DEFAULT '0',
  PRIMARY KEY (`cid`)
) ENGINE=InnoDB ;

### Data of table `0_chart_class` ###

INSERT INTO `0_chart_class` VALUES
('1', 'Tillgångar', '1', '0'),
('2', 'Skulder', '2', '0'),
('3', 'Inkomst', '4', '0'),
('4', 'Kostnad', '6', '0');

### Structure of table `0_chart_master` ###

DROP TABLE IF EXISTS `0_chart_master`;

CREATE TABLE `0_chart_master` (
  `account_code` varchar(15) NOT NULL DEFAULT '',
  `account_code2` varchar(15) NOT NULL DEFAULT '',
  `account_name` varchar(60) NOT NULL DEFAULT '',
  `account_type` varchar(10) NOT NULL DEFAULT '0',
  `inactive` tinyint(1) NOT NULL DEFAULT '0',
  PRIMARY KEY (`account_code`),
  KEY `account_name` (`account_name`),
  KEY `accounts_by_type` (`account_type`,`account_code`)
) ENGINE=InnoDB ;

### Data of table `0_chart_master` ###

INSERT INTO `0_chart_master` VALUES
('1110', '237', 'Byggnader', '11', '0'),
('1119', '237', 'Ack avskr byggnader', '11', '0'),
('1210', '236', 'Maskiner och andra tekn anlägg', '12', '0'),
('1219', '236', 'Ack avskr mast/andra tekn anl', '12', '0'),
('1220', '236', 'Inventarier och verktyg', '12', '0'),
('1229', '236', 'Ack avskr invent och verktyg', '12', '0'),
('1240', '236', 'Bilar och andra transportmedel', '12', '0'),
('1249', '236', 'Ack avskr bilar o andra transp', '12', '0'),
('1291', '236', 'Konst och liknande tillgångar', '12', '0'),
('1350', '230', 'Aktier, andelar och värdepapper', '12', '0'),
('1380', '233', 'Andra långfristiga fordringar', '12', '0'),
('1400', '219', 'Lager', '14', '0'),
('1470', '219', 'Pågående arbeten', '14', '0'),
('1490', '219', 'Förändring lager/pågående arbeten', '14', '0'),
('1510', '204', 'Kundfordringar', '15', '0'),
('1515', '204', 'Osäkra kundfordringar', '15', '0'),
('1518', '204', 'Ej reskontraförda kundfordringar', '15', '0'),
('1610', '220', 'Fordringar hos anställda', '15', '0'),
('1640', '206', 'Skattefordringar', '15', '0'),
('1650', '207', 'Momsfordran', '15', '0'),
('1680', '220', 'Andra kortfristiga fordringar', '15', '0'),
('1690', '220', 'Värdereg kortfr placeringar', '15', '0'),
('1700', '205', 'Förutb kostn upplupna intäkt', '15', '0'),
('1800', '202', 'Kortfristiga placeringar', '15', '0'),
('1890', '203', 'Värdereg kortfr placeringar', '15', '0'),
('1910', '200', 'Kassa', '19', '0'),
('1920', '200', 'Plusgiro', '19', '0'),
('1930', '200', 'Bankkonto', '19', '0'),
('1940', '200', 'Bank (övrigt)', '19', '0'),
('2010', '370', 'Eget kapital, ägare', '20', '0'),
('2020', '370', 'Eget kapital, delägare', '20', '0'),
('2050', '351', 'Avsättning, expansionsmedel', '20', '0'),
('2081', '350', 'Aktiekapital', '20', '0'),
('2086', '351', 'Reservfond', '20', '0'),
('2091', '354', 'Balanserad vinst eller förlust', '20', '0'),
('2098', '354', 'Vinst eller förlust, föreg år', '20', '0'),
('2099', '354', 'Årets resultat', '20', '0'),
('2110', '345', 'Periodiseringsfonder', '21', '0'),
('2125', '345', 'Periodiseringsfond 2005', '21', '0'),
('2126', '345', 'Periodiseringsfond 2006', '21', '0'),
('2127', '345', 'Periodiseringsfond 2007', '21', '0'),
('2128', '345', 'Periodiseringsfond 2008', '21', '0'),
('2150', '330', 'Ackumulerade överavskrivningar', '21', '0'),
('2199', '339', 'Övriga obeskattade reserver', '21', '0'),
('2220', '304', 'Avsättningar för garantier', '22', '0'),
('2290', '329', 'Övriga avsättningar', '22', '0'),
('2330', '319', 'Checkräkningskredit', '22', '0'),
('2350', '319', 'Andra skulder till kreditinstitut', '22', '0'),
('2393', '319', 'Lån från närstående personer', '22', '0'),
('2399', '319', 'Övriga långfristiga skulder', '22', '0'),
('2410', '319', 'Kortfr lånesk. till kreditinstitut', '24', '0'),
('2420', '310', 'Förskott från kunder', '24', '0'),
('2430', '319', 'Pågående arbeten', '24', '0'),
('2440', '300', 'Leverantörsskulder', '24', '0'),
('2448', '300', 'Ej reskontraförda lev skulder', '24', '0'),
('2490', '300', 'Övriga kortfristiga skulder', '24', '0'),
('2510', '301', 'Skatteskulder', '24', '0'),
('2610', '307', 'Utgående moms, 25', '24', '0'),
('2615', '307', 'Utgående moms varuförvärv EU', '24', '0'),
('2616', '307', 'Utgående moms EU', '24', '0'),
('2620', '307', 'Utgående moms 12', '24', '0'),
('2630', '307', 'Utgående moms 6', '24', '0'),
('2640', '207', 'Ingående moms', '24', '0'),
('2645', '207', 'Ingående moms utlandsförvärv', '24', '0'),
('2650', '307', 'Redovisningskonto för moms', '24', '0'),
('2710', '301', 'Personalens källskatt', '24', '0'),
('2720', '301', 'Personalens kvarskatt', '24', '0'),
('2730', '301', 'Lagst sociala avg och löneskatt', '24', '0'),
('2740', '319', 'Avtalade sociala avgifter', '24', '0'),
('2760', '319', 'Semesterkassa', '24', '0'),
('2790', '319', 'Övriga löneavdrag', '24', '0'),
('2840', '319', 'Kortfristiga låneskulder', '24', '0'),
('2890', '319', 'Övriga kortfristiga skulder', '24', '0'),
('2900', '305', 'Uppl kostnader, förutbe intäkter', '24', '0'),
('3011', '400', 'Försäljning, momspliktig', '30', '0'),
('3015', '400', 'Försäljning, export', '30', '0'),
('3016', '400', 'Försäljning, EU', '30', '0'),
('3500', '400', 'Fakturerade kostnader', '30', '0'),
('3520', '400', 'Fakturerade frakter', '30', '0'),
('3600', '400', 'Rörelsens sidoinstäkter', '30', '0'),
('3700', '400', 'Intäktskorrigeringar', '30', '0'),
('3740', '400', 'Öresutjämning', '30', '0'),
('3800', '401', 'Aktiv arbete för egen räkning', '30', '0'),
('3910', '401', 'Hyres- och arrendeintäkter', '30', '0'),
('3950', '401', 'Återvundna, tidig avskr kundfordr', '30', '0'),
('3960', '401', 'Valkursvinst fordr/skuld av rörelse', '30', '0'),
('3970', '552', 'Vinst avyttr imm o mat anl tillg', '30', '0'),
('3980', '401', 'Erhållna bidrag', '30', '0'),
('3990', '401', 'Övriga ersättningar och intäkter', '30', '0'),
('4010', '500', 'Inköp material och varor, Sv', '40', '0'),
('4050', '500', 'Inköp material och varor, Utl', '40', '0'),
('4600', '501', 'Legoarbeten och underentrepren', '40', '0'),
('4700', '500', 'Reduktion av inköpspriser', '40', '0'),
('4900', '509', 'Förändring av lager', '40', '0'),
('4970', '509', 'Förändr pågående arb o nedl kostnader', '40', '0'),
('5000', '528', 'Lokalkostnader (gruppkonto)', '50', '0'),
('5100', '528', 'Fastighetskostnader', '50', '0'),
('5200', '529', 'Hyra av anläggningstillgångar', '50', '0'),
('5300', '530', 'Energikostnader', '50', '0'),
('5400', '531', 'Förbrukningsinventarier', '50', '0'),
('5500', '533', 'Reparation och underhåll', '50', '0'),
('5600', '536', 'Kostnader för transportmedel', '50', '0'),
('5700', '536', 'Frakter och transporter', '50', '0'),
('5800', '538', 'Resekostnader', '50', '0'),
('5900', '541', 'Reklam och PR', '50', '0'),
('6071', '540', 'Representation, avdragsgill', '50', '0'),
('6072', '540', 'Representation, ej avdragsgill', '50', '0'),
('6090', '540', 'Övriga försäljningskostnader', '50', '0'),
('6100', '530', 'Kontorsmaterial och trycksaker', '50', '0'),
('6200', '530', 'Tele och post', '50', '0'),
('6310', '530', 'Företagsförsäkringar', '50', '0'),
('6350', '530', 'Förluster på kundfordringar', '50', '0'),
('6351', '530', 'Konstaterade kundförluster', '50', '0'),
('6352', '530', 'Befarade kundförluster', '50', '0'),
('6380', '530', 'Förl övriga kortfr fordringar', '50', '0'),
('6390', '530', 'Övriga riskkostnader', '50', '0'),
('6420', '530', 'Revisionsarvoden', '50', '0'),
('6490', '530', 'Övriga förvaltningskostnader', '50', '0'),
('6530', '530', 'Redovisningstjänster', '50', '0'),
('6540', '530', 'ADB-tjänster', '50', '0'),
('6590', '530', 'Övriga externa tjänster', '50', '0'),
('6970', '530', 'Tidningar, tidskrift, facklitteratur', '50', '0'),
('6980', '530', 'Föreningsavgifter', '50', '0'),
('6981', '530', 'Föreningsavgifter, avdragsgill', '50', '0'),
('6982', '530', 'Föreningsavgifter, ej avdragsgill', '50', '0'),
('6990', '530', 'Övriga externa kostnader', '50', '0'),
('6991', '530', 'Övr externa kostnader, avdragsgill', '50', '0'),
('6992', '530', 'Övr externa kostnader, ej avdragsgill', '50', '0'),
('6995', '530', 'Dröjsmålavg skatt och soc avg', '50', '0'),
('7000', '512', 'Löner till kollektivanställda', '70', '0'),
('7090', '512', 'Förändr semesterlöneskuld', '70', '0'),
('7200', '512', 'Lön tjänstemän och företagsledare', '70', '0'),
('7290', '512', 'Förändr semesterlöneskuld', '70', '0'),
('7310', '512', 'Kontanta extraersättningar', '70', '0'),
('7320', '515', 'Traktamenten vid tjänsteresa', '70', '0'),
('7321', '515', 'Skattefria traktamenten, Sverige', '70', '0'),
('7322', '514', 'Skattepliktiga traktamenten, Sverige', '70', '0'),
('7331', '517', 'Bilersättningar, skattefria', '70', '0'),
('7332', '514', 'Bilersättningar, skattepliktiga', '70', '0'),
('7380', '514', 'Kostnader naturaförmåner anställda', '70', '0'),
('7390', '514', 'Övr kostn ersättn och nat förmåner', '70', '0'),
('7410', '524', 'Pensionsförsäkringspremier', '70', '0'),
('7490', '524', 'Övriga pensionskostnader', '70', '0'),
('7510', '520', 'Lagstadgade arbetsgivaravgifter', '70', '0'),
('7520', '520', 'Egenavgifter mm', '70', '0'),
('7530', '520', 'Löneskatt', '70', '0'),
('7570', '520', 'Premier, arbetsmarknadsförsäkring', '70', '0'),
('7580', '520', 'Grupplivsförsäkringspremier', '70', '0'),
('7590', '520', 'Övr sociala avg enligt lag/avtal', '70', '0'),
('7600', '527', 'Övriga personalkostnader', '70', '0'),
('7610', '527', 'Utbildning', '70', '0'),
('7620', '527', 'Sjuk- och hälsovård', '70', '0'),
('7631', '527', 'Personalrepresentation avdragsgill', '70', '0'),
('7632', '527', 'Personalrepresentation ej avdragsgill', '70', '0'),
('7810', '561', 'Avskrivning imm anl tillgångar', '78', '0'),
('7820', '560', 'Avskrivning på byggnad och mark', '78', '0'),
('7830', '559', 'Avskrivning på maskiner o inventarier', '78', '0'),
('7970', '556', 'Förlust avy imm/mat anl tillgångar', '78', '0'),
('8300', '568', 'Ränteint från omsättningstillgångar', '80', '0'),
('8400', '569', 'Räntekostnader', '80', '0'),
('8490', '569', 'Övriga finansiella kostnader', '80', '0'),
('8811', '586', 'Avsättning till periodiseringsfond', '80', '0'),
('8819', '589', 'Återföring från periodiseringsfond', '80', '0'),
('8850', '578', 'Förändr bokf avskr/pl avskrivning', '80', '0'),
('8899', '593', 'Övriga bokslutsdispositioner', '80', '0'),
('8910', '598', 'Skatt på årets besk bara resultat', '80', '0'),
('8999', '599', 'Årets resultat', '80', '0');

### Structure of table `0_chart_types` ###

DROP TABLE IF EXISTS `0_chart_types`;

CREATE TABLE `0_chart_types` (
  `id` varchar(10) NOT NULL,
  `name` varchar(60) NOT NULL DEFAULT '',
  `class_id` varchar(3) NOT NULL DEFAULT '',
  `parent` varchar(10) NOT NULL DEFAULT '-1',
  `inactive` tinyint(1) NOT NULL DEFAULT '0',
  PRIMARY KEY (`id`),
  KEY `name` (`name`),
  KEY `class_id` (`class_id`)
) ENGINE=InnoDB ;

### Data of table `0_chart_types` ###

INSERT INTO `0_chart_types` VALUES
('11', 'Byggnader', '1', '', '0'),
('12', 'Maskiner/Inventarier', '1', '', '0'),
('14', 'Varulager', '1', '', '0'),
('15', 'Kortfristiga fordringar', '1', '', '0'),
('19', 'Kassa/Bank', '1', '', '0'),
('20', 'Eget kapital', '2', '', '0'),
('21', 'Eget kapital, oskattat', '2', '', '0'),
('22', 'Långfristiga skulder', '2', '', '0'),
('24', 'Kortfristiga skulder', '2', '', '0'),
('30', 'Försäljning', '3', '', '0'),
('40', 'Varuinköp', '4', '', '0'),
('50', 'Kostnader', '4', '', '0'),
('70', 'Löner', '4', '', '0'),
('78', 'Avskrivningar', '4', '', '0'),
('80', 'Finansiellt', '4', '', '0');

### Structure of table `0_comments` ###

DROP TABLE IF EXISTS `0_comments`;

CREATE TABLE `0_comments` (
  `type` int(11) NOT NULL DEFAULT '0',
  `id` int(11) NOT NULL DEFAULT '0',
  `date_` date DEFAULT '0000-00-00',
  `memo_` tinytext,
  KEY `type_and_id` (`type`,`id`)
) ENGINE=InnoDB ;

### Data of table `0_comments` ###


### Structure of table `0_credit_status` ###

DROP TABLE IF EXISTS `0_credit_status`;

CREATE TABLE `0_credit_status` (
  `id` int(11) NOT NULL AUTO_INCREMENT,
  `reason_description` char(100) NOT NULL DEFAULT '',
  `dissallow_invoices` tinyint(1) NOT NULL DEFAULT '0',
  `inactive` tinyint(1) NOT NULL DEFAULT '0',
  PRIMARY KEY (`id`),
  UNIQUE KEY `reason_description` (`reason_description`)
) ENGINE=InnoDB AUTO_INCREMENT=5 ;

### Data of table `0_credit_status` ###

INSERT INTO `0_credit_status` VALUES
('1', 'Bra historik', '0', '0'),
('3', 'Inget arbete förän betalning har mottagits', '1', '0'),
('4', 'Under likvidation', '1', '0');

### Structure of table `0_crm_categories` ###

DROP TABLE IF EXISTS `0_crm_categories`;

CREATE TABLE `0_crm_categories` (
  `id` int(11) NOT NULL AUTO_INCREMENT COMMENT 'pure technical key',
  `type` varchar(20) NOT NULL,
  `action` varchar(20) NOT NULL,
  `name` varchar(30) NOT NULL,
  `description` tinytext NOT NULL,
  `system` tinyint(1) NOT NULL DEFAULT '0' COMMENT 'nonzero for core system usage',
  `inactive` tinyint(1) NOT NULL DEFAULT '0',
  PRIMARY KEY (`id`),
  UNIQUE KEY `type` (`type`,`action`),
  UNIQUE KEY `type_2` (`type`,`name`)
) ENGINE=InnoDB AUTO_INCREMENT=13 ;

### Data of table `0_crm_categories` ###

INSERT INTO `0_crm_categories` VALUES
('1', 'cust_branch', 'general', 'General', 'General contact data for customer branch (overrides company setting)', '1', '0'),
('2', 'cust_branch', 'invoice', 'Invoices', 'Invoice posting (overrides company setting)', '1', '0'),
('3', 'cust_branch', 'order', 'Orders', 'Order confirmation (overrides company setting)', '1', '0'),
('4', 'cust_branch', 'delivery', 'Deliveries', 'Delivery coordination (overrides company setting)', '1', '0'),
('5', 'customer', 'general', 'General', 'General contact data for customer', '1', '0'),
('6', 'customer', 'order', 'Orders', 'Order confirmation', '1', '0'),
('7', 'customer', 'delivery', 'Deliveries', 'Delivery coordination', '1', '0'),
('8', 'customer', 'invoice', 'Invoices', 'Invoice posting', '1', '0'),
('9', 'supplier', 'general', 'General', 'General contact data for supplier', '1', '0'),
('10', 'supplier', 'order', 'Orders', 'Order confirmation', '1', '0'),
('11', 'supplier', 'delivery', 'Deliveries', 'Delivery coordination', '1', '0'),
('12', 'supplier', 'invoice', 'Invoices', 'Invoice posting', '1', '0');

### Structure of table `0_crm_contacts` ###

DROP TABLE IF EXISTS `0_crm_contacts`;

CREATE TABLE `0_crm_contacts` (
  `id` int(11) NOT NULL AUTO_INCREMENT,
  `person_id` int(11) NOT NULL DEFAULT '0' COMMENT 'foreign key to crm_contacts',
  `type` varchar(20) NOT NULL,
  `action` varchar(20) NOT NULL,
  `entity_id` varchar(11) DEFAULT NULL,
  PRIMARY KEY (`id`),
  KEY `type` (`type`,`action`)
) ENGINE=InnoDB ;

### Data of table `0_crm_contacts` ###


### Structure of table `0_crm_persons` ###

DROP TABLE IF EXISTS `0_crm_persons`;

CREATE TABLE `0_crm_persons` (
  `id` int(11) NOT NULL AUTO_INCREMENT,
  `ref` varchar(30) NOT NULL,
  `name` varchar(60) NOT NULL,
  `name2` varchar(60) DEFAULT NULL,
  `address` tinytext,
  `phone` varchar(30) DEFAULT NULL,
  `phone2` varchar(30) DEFAULT NULL,
  `fax` varchar(30) DEFAULT NULL,
  `email` varchar(100) DEFAULT NULL,
  `lang` char(5) DEFAULT NULL,
  `notes` tinytext NOT NULL,
  `inactive` tinyint(1) NOT NULL DEFAULT '0',
  PRIMARY KEY (`id`),
  KEY `ref` (`ref`)
) ENGINE=InnoDB ;

### Data of table `0_crm_persons` ###


### Structure of table `0_currencies` ###

DROP TABLE IF EXISTS `0_currencies`;

CREATE TABLE `0_currencies` (
  `currency` varchar(60) NOT NULL DEFAULT '',
  `curr_abrev` char(3) NOT NULL DEFAULT '',
  `curr_symbol` varchar(10) NOT NULL DEFAULT '',
  `country` varchar(100) NOT NULL DEFAULT '',
  `hundreds_name` varchar(15) NOT NULL DEFAULT '',
  `inactive` tinyint(1) NOT NULL DEFAULT '0',
  `auto_update` tinyint(1) NOT NULL DEFAULT '1',
  PRIMARY KEY (`curr_abrev`)
) ENGINE=InnoDB ;

### Data of table `0_currencies` ###

INSERT INTO `0_currencies` VALUES
('Kroner', 'DKK', 'kr.', 'Danmark', 'Öre', '0', '1'),
('Euro', 'EUR', '€', 'Europa', 'Cents', '0', '1'),
('Pounds', 'GBP', '£', 'England', 'Pence', '0', '1'),
('Kronor', 'SEK', 'kr', 'Sverige', 'Ören', '0', '1'),
('US Dollars', 'USD', '$', 'USA', 'Cents', '0', '1');

### Structure of table `0_cust_allocations` ###

DROP TABLE IF EXISTS `0_cust_allocations`;

CREATE TABLE `0_cust_allocations` (
  `id` int(11) NOT NULL AUTO_INCREMENT,
  `person_id` int(11) DEFAULT NULL,
  `amt` double unsigned DEFAULT NULL,
  `date_alloc` date NOT NULL DEFAULT '0000-00-00',
  `trans_no_from` int(11) DEFAULT NULL,
  `trans_type_from` int(11) DEFAULT NULL,
  `trans_no_to` int(11) DEFAULT NULL,
  `trans_type_to` int(11) DEFAULT NULL,
  PRIMARY KEY (`id`),
  UNIQUE KEY `person_id` (`person_id`,`trans_type_from`,`trans_no_from`,`trans_type_to`,`trans_no_to`),
  KEY `From` (`trans_type_from`,`trans_no_from`),
  KEY `To` (`trans_type_to`,`trans_no_to`)
) ENGINE=InnoDB ;

### Data of table `0_cust_allocations` ###


### Structure of table `0_cust_branch` ###

DROP TABLE IF EXISTS `0_cust_branch`;

CREATE TABLE `0_cust_branch` (
  `branch_code` int(11) NOT NULL AUTO_INCREMENT,
  `debtor_no` int(11) NOT NULL DEFAULT '0',
  `br_name` varchar(60) NOT NULL DEFAULT '',
  `br_address` tinytext NOT NULL,
  `area` int(11) DEFAULT NULL,
  `salesman` int(11) NOT NULL DEFAULT '0',
  `default_location` varchar(5) NOT NULL DEFAULT '',
  `tax_group_id` int(11) DEFAULT NULL,
  `sales_account` varchar(15) NOT NULL DEFAULT '',
  `sales_discount_account` varchar(15) NOT NULL DEFAULT '',
  `receivables_account` varchar(15) NOT NULL DEFAULT '',
  `payment_discount_account` varchar(15) NOT NULL DEFAULT '',
  `default_ship_via` int(11) NOT NULL DEFAULT '1',
  `br_post_address` tinytext NOT NULL,
  `group_no` int(11) NOT NULL DEFAULT '0',
  `notes` tinytext,
  `bank_account` varchar(60) DEFAULT NULL,
  `inactive` tinyint(1) NOT NULL DEFAULT '0',
  `branch_ref` varchar(30) NOT NULL,
  PRIMARY KEY (`branch_code`,`debtor_no`),
  KEY `branch_ref` (`branch_ref`),
  KEY `group_no` (`group_no`)
) ENGINE=InnoDB ;

### Data of table `0_cust_branch` ###


### Structure of table `0_debtor_trans` ###

DROP TABLE IF EXISTS `0_debtor_trans`;

CREATE TABLE `0_debtor_trans` (
  `trans_no` int(11) unsigned NOT NULL DEFAULT '0',
  `type` smallint(6) unsigned NOT NULL DEFAULT '0',
  `version` tinyint(1) unsigned NOT NULL DEFAULT '0',
  `debtor_no` int(11) unsigned NOT NULL DEFAULT '0',
  `branch_code` int(11) NOT NULL DEFAULT '-1',
  `tran_date` date NOT NULL DEFAULT '0000-00-00',
  `due_date` date NOT NULL DEFAULT '0000-00-00',
  `reference` varchar(60) NOT NULL DEFAULT '',
  `tpe` int(11) NOT NULL DEFAULT '0',
  `order_` int(11) NOT NULL DEFAULT '0',
  `ov_amount` double NOT NULL DEFAULT '0',
  `ov_gst` double NOT NULL DEFAULT '0',
  `ov_freight` double NOT NULL DEFAULT '0',
  `ov_freight_tax` double NOT NULL DEFAULT '0',
  `ov_discount` double NOT NULL DEFAULT '0',
  `alloc` double NOT NULL DEFAULT '0',
  `prep_amount` double NOT NULL DEFAULT '0',
  `rate` double NOT NULL DEFAULT '1',
  `ship_via` int(11) DEFAULT NULL,
  `dimension_id` int(11) NOT NULL DEFAULT '0',
  `dimension2_id` int(11) NOT NULL DEFAULT '0',
  `payment_terms` int(11) DEFAULT NULL,
  `tax_included` tinyint(1) unsigned NOT NULL DEFAULT '0',
  PRIMARY KEY (`type`,`trans_no`,`debtor_no`),
  KEY `debtor_no` (`debtor_no`,`branch_code`),
  KEY `tran_date` (`tran_date`)
) ENGINE=InnoDB ;

### Data of table `0_debtor_trans` ###


### Structure of table `0_debtor_trans_details` ###

DROP TABLE IF EXISTS `0_debtor_trans_details`;

CREATE TABLE `0_debtor_trans_details` (
  `id` int(11) NOT NULL AUTO_INCREMENT,
  `debtor_trans_no` int(11) DEFAULT NULL,
  `debtor_trans_type` int(11) DEFAULT NULL,
  `stock_id` varchar(20) NOT NULL DEFAULT '',
  `description` tinytext,
  `unit_price` double NOT NULL DEFAULT '0',
  `unit_tax` double NOT NULL DEFAULT '0',
  `quantity` double NOT NULL DEFAULT '0',
  `discount_percent` double NOT NULL DEFAULT '0',
  `standard_cost` double NOT NULL DEFAULT '0',
  `qty_done` double NOT NULL DEFAULT '0',
  `src_id` int(11) DEFAULT NULL,
  PRIMARY KEY (`id`),
  KEY `Transaction` (`debtor_trans_type`,`debtor_trans_no`),
  KEY `src_id` (`src_id`)
) ENGINE=InnoDB ;

### Data of table `0_debtor_trans_details` ###


### Structure of table `0_debtors_master` ###

DROP TABLE IF EXISTS `0_debtors_master`;

CREATE TABLE `0_debtors_master` (
  `debtor_no` int(11) NOT NULL AUTO_INCREMENT,
  `name` varchar(100) NOT NULL DEFAULT '',
  `address` tinytext,
  `tax_id` varchar(55) NOT NULL DEFAULT '',
  `curr_code` char(3) NOT NULL DEFAULT '',
  `sales_type` int(11) NOT NULL DEFAULT '1',
  `dimension_id` int(11) NOT NULL DEFAULT '0',
  `dimension2_id` int(11) NOT NULL DEFAULT '0',
  `credit_status` int(11) NOT NULL DEFAULT '0',
  `payment_terms` int(11) DEFAULT NULL,
  `discount` double NOT NULL DEFAULT '0',
  `pymt_discount` double NOT NULL DEFAULT '0',
  `credit_limit` float NOT NULL DEFAULT '1000',
  `notes` tinytext,
  `inactive` tinyint(1) NOT NULL DEFAULT '0',
  `debtor_ref` varchar(30) NOT NULL,
  PRIMARY KEY (`debtor_no`),
  UNIQUE KEY `debtor_ref` (`debtor_ref`),
  KEY `name` (`name`)
) ENGINE=InnoDB ;

### Data of table `0_debtors_master` ###


### Structure of table `0_dimensions` ###

DROP TABLE IF EXISTS `0_dimensions`;

CREATE TABLE `0_dimensions` (
  `id` int(11) NOT NULL AUTO_INCREMENT,
  `reference` varchar(60) NOT NULL DEFAULT '',
  `name` varchar(60) NOT NULL DEFAULT '',
  `type_` tinyint(1) NOT NULL DEFAULT '1',
  `closed` tinyint(1) NOT NULL DEFAULT '0',
  `date_` date NOT NULL DEFAULT '0000-00-00',
  `due_date` date NOT NULL DEFAULT '0000-00-00',
  PRIMARY KEY (`id`),
  UNIQUE KEY `reference` (`reference`),
  KEY `date_` (`date_`),
  KEY `due_date` (`due_date`),
  KEY `type_` (`type_`)
) ENGINE=InnoDB ;

### Data of table `0_dimensions` ###


### Structure of table `0_exchange_rates` ###

DROP TABLE IF EXISTS `0_exchange_rates`;

CREATE TABLE `0_exchange_rates` (
  `id` int(11) NOT NULL AUTO_INCREMENT,
  `curr_code` char(3) NOT NULL DEFAULT '',
  `rate_buy` double NOT NULL DEFAULT '0',
  `rate_sell` double NOT NULL DEFAULT '0',
  `date_` date NOT NULL DEFAULT '0000-00-00',
  PRIMARY KEY (`id`),
  UNIQUE KEY `curr_code` (`curr_code`,`date_`)
) ENGINE=InnoDB AUTO_INCREMENT=10 ;

### Data of table `0_exchange_rates` ###

INSERT INTO `0_exchange_rates` VALUES
('6', 'DKK', '1.2649', '1.2649', '2007-07-09'),
('7', 'EUR', '9.4296', '9.4296', '2007-07-09'),
('8', 'GBP', '13.7398', '13.7398', '2007-07-09'),
('9', 'USD', '7.9214', '7.9214', '2007-07-09');

### Structure of table `0_fiscal_year` ###

DROP TABLE IF EXISTS `0_fiscal_year`;

CREATE TABLE `0_fiscal_year` (
  `id` int(11) NOT NULL AUTO_INCREMENT,
  `begin` date DEFAULT '0000-00-00',
  `end` date DEFAULT '0000-00-00',
  `closed` tinyint(1) NOT NULL DEFAULT '0',
  PRIMARY KEY (`id`),
  UNIQUE KEY `begin` (`begin`),
  UNIQUE KEY `end` (`end`)
) ENGINE=InnoDB AUTO_INCREMENT=2 ;

### Data of table `0_fiscal_year` ###

INSERT INTO `0_fiscal_year` VALUES
('1', '2018-01-01', '2018-12-31', '0');

### Structure of table `0_gl_trans` ###

DROP TABLE IF EXISTS `0_gl_trans`;

CREATE TABLE `0_gl_trans` (
  `counter` int(11) NOT NULL AUTO_INCREMENT,
  `type` smallint(6) NOT NULL DEFAULT '0',
  `type_no` int(11) NOT NULL DEFAULT '0',
  `tran_date` date NOT NULL DEFAULT '0000-00-00',
  `account` varchar(15) NOT NULL DEFAULT '',
  `memo_` tinytext NOT NULL,
  `amount` double NOT NULL DEFAULT '0',
  `dimension_id` int(11) NOT NULL DEFAULT '0',
  `dimension2_id` int(11) NOT NULL DEFAULT '0',
  `person_type_id` int(11) DEFAULT NULL,
  `person_id` tinyblob,
  PRIMARY KEY (`counter`),
  KEY `Type_and_Number` (`type`,`type_no`),
  KEY `dimension_id` (`dimension_id`),
  KEY `dimension2_id` (`dimension2_id`),
  KEY `tran_date` (`tran_date`),
  KEY `account_and_tran_date` (`account`,`tran_date`)
) ENGINE=InnoDB ;

### Data of table `0_gl_trans` ###


### Structure of table `0_grn_batch` ###

DROP TABLE IF EXISTS `0_grn_batch`;

CREATE TABLE `0_grn_batch` (
  `id` int(11) NOT NULL AUTO_INCREMENT,
  `supplier_id` int(11) NOT NULL DEFAULT '0',
  `purch_order_no` int(11) DEFAULT NULL,
  `reference` varchar(60) NOT NULL DEFAULT '',
  `delivery_date` date NOT NULL DEFAULT '0000-00-00',
  `loc_code` varchar(5) DEFAULT NULL,
  `rate` double DEFAULT '1',
  PRIMARY KEY (`id`),
  KEY `delivery_date` (`delivery_date`),
  KEY `purch_order_no` (`purch_order_no`)
) ENGINE=InnoDB ;

### Data of table `0_grn_batch` ###


### Structure of table `0_grn_items` ###

DROP TABLE IF EXISTS `0_grn_items`;

CREATE TABLE `0_grn_items` (
  `id` int(11) NOT NULL AUTO_INCREMENT,
  `grn_batch_id` int(11) DEFAULT NULL,
  `po_detail_item` int(11) NOT NULL DEFAULT '0',
  `item_code` varchar(20) NOT NULL DEFAULT '',
  `description` tinytext,
  `qty_recd` double NOT NULL DEFAULT '0',
  `quantity_inv` double NOT NULL DEFAULT '0',
  PRIMARY KEY (`id`),
  KEY `grn_batch_id` (`grn_batch_id`)
) ENGINE=InnoDB ;

### Data of table `0_grn_items` ###


### Structure of table `0_groups` ###

DROP TABLE IF EXISTS `0_groups`;

CREATE TABLE `0_groups` (
  `id` smallint(6) unsigned NOT NULL AUTO_INCREMENT,
  `description` varchar(60) NOT NULL DEFAULT '',
  `inactive` tinyint(1) NOT NULL DEFAULT '0',
  PRIMARY KEY (`id`),
  UNIQUE KEY `description` (`description`)
) ENGINE=InnoDB AUTO_INCREMENT=4 ;

### Data of table `0_groups` ###

INSERT INTO `0_groups` VALUES
('1', 'Small', '0'),
('2', 'Medium', '0'),
('3', 'Large', '0');

### Structure of table `0_item_codes` ###

DROP TABLE IF EXISTS `0_item_codes`;

CREATE TABLE `0_item_codes` (
  `id` int(11) unsigned NOT NULL AUTO_INCREMENT,
  `item_code` varchar(20) NOT NULL,
  `stock_id` varchar(20) NOT NULL,
  `description` varchar(200) NOT NULL DEFAULT '',
  `category_id` smallint(6) unsigned NOT NULL,
  `quantity` double NOT NULL DEFAULT '1',
  `is_foreign` tinyint(1) NOT NULL DEFAULT '0',
  `inactive` tinyint(1) NOT NULL DEFAULT '0',
  PRIMARY KEY (`id`),
  UNIQUE KEY `stock_id` (`stock_id`,`item_code`),
  KEY `item_code` (`item_code`)
) ENGINE=InnoDB ;

### Data of table `0_item_codes` ###


### Structure of table `0_item_tax_type_exemptions` ###

DROP TABLE IF EXISTS `0_item_tax_type_exemptions`;

CREATE TABLE `0_item_tax_type_exemptions` (
  `item_tax_type_id` int(11) NOT NULL DEFAULT '0',
  `tax_type_id` int(11) NOT NULL DEFAULT '0',
  PRIMARY KEY (`item_tax_type_id`,`tax_type_id`)
) ENGINE=InnoDB ;

### Data of table `0_item_tax_type_exemptions` ###


### Structure of table `0_item_tax_types` ###

DROP TABLE IF EXISTS `0_item_tax_types`;

CREATE TABLE `0_item_tax_types` (
  `id` int(11) NOT NULL AUTO_INCREMENT,
  `name` varchar(60) NOT NULL DEFAULT '',
  `exempt` tinyint(1) NOT NULL DEFAULT '0',
  `inactive` tinyint(1) NOT NULL DEFAULT '0',
  PRIMARY KEY (`id`),
  UNIQUE KEY `name` (`name`)
) ENGINE=InnoDB ;

### Data of table `0_item_tax_types` ###


### Structure of table `0_item_units` ###

DROP TABLE IF EXISTS `0_item_units`;

CREATE TABLE `0_item_units` (
  `abbr` varchar(20) NOT NULL,
  `name` varchar(40) NOT NULL,
  `decimals` tinyint(2) NOT NULL,
  `inactive` tinyint(1) NOT NULL DEFAULT '0',
  PRIMARY KEY (`abbr`),
  UNIQUE KEY `name` (`name`)
) ENGINE=InnoDB ;

### Data of table `0_item_units` ###


### Structure of table `0_journal` ###

DROP TABLE IF EXISTS `0_journal`;

CREATE TABLE `0_journal` (
  `type` smallint(6) NOT NULL DEFAULT '0',
  `trans_no` int(11) NOT NULL DEFAULT '0',
  `tran_date` date DEFAULT '0000-00-00',
  `reference` varchar(60) NOT NULL DEFAULT '',
  `source_ref` varchar(60) NOT NULL DEFAULT '',
  `event_date` date DEFAULT '0000-00-00',
  `doc_date` date NOT NULL DEFAULT '0000-00-00',
  `currency` char(3) NOT NULL DEFAULT '',
  `amount` double NOT NULL DEFAULT '0',
  `rate` double NOT NULL DEFAULT '1',
  PRIMARY KEY (`type`,`trans_no`),
  KEY `tran_date` (`tran_date`)
) ENGINE=InnoDB ;

### Data of table `0_journal` ###


### Structure of table `0_loc_stock` ###

DROP TABLE IF EXISTS `0_loc_stock`;

CREATE TABLE `0_loc_stock` (
  `loc_code` char(5) NOT NULL DEFAULT '',
  `stock_id` char(20) NOT NULL DEFAULT '',
  `reorder_level` double NOT NULL DEFAULT '0',
  PRIMARY KEY (`loc_code`,`stock_id`),
  KEY `stock_id` (`stock_id`)
) ENGINE=InnoDB ;

### Data of table `0_loc_stock` ###


### Structure of table `0_locations` ###

DROP TABLE IF EXISTS `0_locations`;

CREATE TABLE `0_locations` (
  `loc_code` varchar(5) NOT NULL DEFAULT '',
  `location_name` varchar(60) NOT NULL DEFAULT '',
  `delivery_address` tinytext NOT NULL,
  `phone` varchar(30) NOT NULL DEFAULT '',
  `phone2` varchar(30) NOT NULL DEFAULT '',
  `fax` varchar(30) NOT NULL DEFAULT '',
  `email` varchar(100) NOT NULL DEFAULT '',
  `contact` varchar(30) NOT NULL DEFAULT '',
  `fixed_asset` tinyint(1) NOT NULL DEFAULT '0',
  `inactive` tinyint(1) NOT NULL DEFAULT '0',
  PRIMARY KEY (`loc_code`)
) ENGINE=InnoDB ;

### Data of table `0_locations` ###

INSERT INTO `0_locations` VALUES
('STD', 'Standard', 'N/A', '', '', '', '', '', '0', '0');

### Structure of table `0_payment_terms` ###

DROP TABLE IF EXISTS `0_payment_terms`;

CREATE TABLE `0_payment_terms` (
  `terms_indicator` int(11) NOT NULL AUTO_INCREMENT,
  `terms` char(80) NOT NULL DEFAULT '',
  `days_before_due` smallint(6) NOT NULL DEFAULT '0',
  `day_in_following_month` smallint(6) NOT NULL DEFAULT '0',
  `inactive` tinyint(1) NOT NULL DEFAULT '0',
  PRIMARY KEY (`terms_indicator`),
  UNIQUE KEY `terms` (`terms`)
) ENGINE=InnoDB AUTO_INCREMENT=5 ;

### Data of table `0_payment_terms` ###

INSERT INTO `0_payment_terms` VALUES
('1', '10 dagar netto', '10', '0', '0'),
('2', 'Netto kontant', '1', '0', '0'),
('3', 'Löpande månad + 15 dagar', '0', '15', '0'),
('4', 'Löpande månad + 30 dagar', '0', '30', '0');

### Structure of table `0_prices` ###

DROP TABLE IF EXISTS `0_prices`;

CREATE TABLE `0_prices` (
  `id` int(11) NOT NULL AUTO_INCREMENT,
  `stock_id` varchar(20) NOT NULL DEFAULT '',
  `sales_type_id` int(11) NOT NULL DEFAULT '0',
  `curr_abrev` char(3) NOT NULL DEFAULT '',
  `price` double NOT NULL DEFAULT '0',
  PRIMARY KEY (`id`),
  UNIQUE KEY `price` (`stock_id`,`sales_type_id`,`curr_abrev`)
) ENGINE=InnoDB ;

### Data of table `0_prices` ###


### Structure of table `0_print_profiles` ###

DROP TABLE IF EXISTS `0_print_profiles`;

CREATE TABLE `0_print_profiles` (
  `id` smallint(6) unsigned NOT NULL AUTO_INCREMENT,
  `profile` varchar(30) NOT NULL,
  `report` varchar(5) DEFAULT NULL,
  `printer` tinyint(3) unsigned DEFAULT NULL,
  PRIMARY KEY (`id`),
  UNIQUE KEY `profile` (`profile`,`report`)
) ENGINE=InnoDB AUTO_INCREMENT=10 ;

### Data of table `0_print_profiles` ###

INSERT INTO `0_print_profiles` VALUES
('1', 'Out of office', NULL, '0'),
('2', 'Sales Department', NULL, '0'),
('3', 'Central', NULL, '2'),
('4', 'Sales Department', '104', '2'),
('5', 'Sales Department', '105', '2'),
('6', 'Sales Department', '107', '2'),
('7', 'Sales Department', '109', '2'),
('8', 'Sales Department', '110', '2'),
('9', 'Sales Department', '201', '2');

### Structure of table `0_printers` ###

DROP TABLE IF EXISTS `0_printers`;

CREATE TABLE `0_printers` (
  `id` tinyint(3) unsigned NOT NULL AUTO_INCREMENT,
  `name` varchar(20) NOT NULL,
  `description` varchar(60) NOT NULL,
  `queue` varchar(20) NOT NULL,
  `host` varchar(40) NOT NULL,
  `port` smallint(11) unsigned NOT NULL,
  `timeout` tinyint(3) unsigned NOT NULL,
  PRIMARY KEY (`id`),
  UNIQUE KEY `name` (`name`)
) ENGINE=InnoDB AUTO_INCREMENT=4 ;

### Data of table `0_printers` ###

INSERT INTO `0_printers` VALUES
('1', 'QL500', 'Label printer', 'QL500', 'server', '127', '20'),
('2', 'Samsung', 'Main network printer', 'scx4521F', 'server', '515', '5'),
('3', 'Local', 'Local print server at user IP', 'lp', '', '515', '10');

### Structure of table `0_purch_data` ###

DROP TABLE IF EXISTS `0_purch_data`;

CREATE TABLE `0_purch_data` (
  `supplier_id` int(11) NOT NULL DEFAULT '0',
  `stock_id` char(20) NOT NULL DEFAULT '',
  `price` double NOT NULL DEFAULT '0',
  `suppliers_uom` char(50) NOT NULL DEFAULT '',
  `conversion_factor` double NOT NULL DEFAULT '1',
  `supplier_description` char(50) NOT NULL DEFAULT '',
  PRIMARY KEY (`supplier_id`,`stock_id`)
) ENGINE=InnoDB ;

### Data of table `0_purch_data` ###


### Structure of table `0_purch_order_details` ###

DROP TABLE IF EXISTS `0_purch_order_details`;

CREATE TABLE `0_purch_order_details` (
  `po_detail_item` int(11) NOT NULL AUTO_INCREMENT,
  `order_no` int(11) NOT NULL DEFAULT '0',
  `item_code` varchar(20) NOT NULL DEFAULT '',
  `description` tinytext,
  `delivery_date` date NOT NULL DEFAULT '0000-00-00',
  `qty_invoiced` double NOT NULL DEFAULT '0',
  `unit_price` double NOT NULL DEFAULT '0',
  `act_price` double NOT NULL DEFAULT '0',
  `std_cost_unit` double NOT NULL DEFAULT '0',
  `quantity_ordered` double NOT NULL DEFAULT '0',
  `quantity_received` double NOT NULL DEFAULT '0',
  PRIMARY KEY (`po_detail_item`),
  KEY `order` (`order_no`,`po_detail_item`),
  KEY `itemcode` (`item_code`)
) ENGINE=InnoDB ;

### Data of table `0_purch_order_details` ###


### Structure of table `0_purch_orders` ###

DROP TABLE IF EXISTS `0_purch_orders`;

CREATE TABLE `0_purch_orders` (
  `order_no` int(11) NOT NULL AUTO_INCREMENT,
  `supplier_id` int(11) NOT NULL DEFAULT '0',
  `comments` tinytext,
  `ord_date` date NOT NULL DEFAULT '0000-00-00',
  `reference` tinytext NOT NULL,
  `requisition_no` tinytext,
  `into_stock_location` varchar(5) NOT NULL DEFAULT '',
  `delivery_address` tinytext NOT NULL,
  `total` double NOT NULL DEFAULT '0',
  `prep_amount` double NOT NULL DEFAULT '0',
  `alloc` double NOT NULL DEFAULT '0',
  `tax_included` tinyint(1) NOT NULL DEFAULT '0',
  PRIMARY KEY (`order_no`),
  KEY `ord_date` (`ord_date`)
) ENGINE=InnoDB ;

### Data of table `0_purch_orders` ###


### Structure of table `0_quick_entries` ###

DROP TABLE IF EXISTS `0_quick_entries`;

CREATE TABLE `0_quick_entries` (
  `id` smallint(6) unsigned NOT NULL AUTO_INCREMENT,
  `type` tinyint(1) NOT NULL DEFAULT '0',
  `description` varchar(60) NOT NULL,
  `usage` varchar(120) DEFAULT NULL,
  `base_amount` double NOT NULL DEFAULT '0',
  `base_desc` varchar(60) DEFAULT NULL,
  `bal_type` tinyint(1) NOT NULL DEFAULT '0',
  PRIMARY KEY (`id`),
  KEY `description` (`description`)
) ENGINE=InnoDB AUTO_INCREMENT=4 ;

### Data of table `0_quick_entries` ###

INSERT INTO `0_quick_entries` VALUES
('1', '1', 'Maintenance', NULL, '0', 'Amount', '0'),
('2', '1', 'Phone', NULL, '0', 'Amount', '0'),
('3', '2', 'Cash Sales', NULL, '0', 'Amount', '0');

### Structure of table `0_quick_entry_lines` ###

DROP TABLE IF EXISTS `0_quick_entry_lines`;

CREATE TABLE `0_quick_entry_lines` (
  `id` smallint(6) unsigned NOT NULL AUTO_INCREMENT,
  `qid` smallint(6) unsigned NOT NULL,
  `amount` double DEFAULT '0',
  `memo` tinytext NOT NULL,
  `action` varchar(2) NOT NULL,
  `dest_id` varchar(15) NOT NULL DEFAULT '',
  `dimension_id` smallint(6) unsigned DEFAULT NULL,
  `dimension2_id` smallint(6) unsigned DEFAULT NULL,
  PRIMARY KEY (`id`),
  KEY `qid` (`qid`)
) ENGINE=InnoDB AUTO_INCREMENT=4 ;

### Data of table `0_quick_entry_lines` ###

INSERT INTO `0_quick_entry_lines` VALUES
('1', '1', '0', '', '=', '6600', '0', '0'),
('2', '2', '0', '', '=', '6730', '0', '0'),
('3', '3', '0', '', '=', '3000', '0', '0');

### Structure of table `0_recurrent_invoices` ###

DROP TABLE IF EXISTS `0_recurrent_invoices`;

CREATE TABLE `0_recurrent_invoices` (
  `id` smallint(6) unsigned NOT NULL AUTO_INCREMENT,
  `description` varchar(60) NOT NULL DEFAULT '',
  `order_no` int(11) unsigned NOT NULL,
  `debtor_no` int(11) unsigned DEFAULT NULL,
  `group_no` smallint(6) unsigned DEFAULT NULL,
  `days` int(11) NOT NULL DEFAULT '0',
  `monthly` int(11) NOT NULL DEFAULT '0',
  `begin` date NOT NULL DEFAULT '0000-00-00',
  `end` date NOT NULL DEFAULT '0000-00-00',
  `last_sent` date NOT NULL DEFAULT '0000-00-00',
  PRIMARY KEY (`id`),
  UNIQUE KEY `description` (`description`)
) ENGINE=InnoDB ;

### Data of table `0_recurrent_invoices` ###


### Structure of table `0_reflines` ###

DROP TABLE IF EXISTS `0_reflines`;

CREATE TABLE `0_reflines` (
  `id` int(11) NOT NULL AUTO_INCREMENT,
  `trans_type` int(11) NOT NULL,
  `prefix` char(5) NOT NULL DEFAULT '',
  `pattern` varchar(35) NOT NULL DEFAULT '1',
  `description` varchar(60) NOT NULL DEFAULT '',
  `default` tinyint(1) NOT NULL DEFAULT '0',
  `inactive` tinyint(1) NOT NULL DEFAULT '0',
  PRIMARY KEY (`id`),
  UNIQUE KEY `prefix` (`trans_type`,`prefix`)
) ENGINE=InnoDB AUTO_INCREMENT=32 ;

### Data of table `0_reflines` ###

INSERT INTO `0_reflines` VALUES
('1', '0', '', '1', '', '1', '0'),
('2', '1', '', '1', '', '1', '0'),
('3', '2', '', '1', '', '1', '0'),
('4', '4', '', '1', '', '1', '0'),
('5', '10', '', '1', '', '1', '0'),
('6', '11', '', '1', '', '1', '0'),
('7', '12', '', '1', '', '1', '0'),
('8', '13', '', '1', '', '1', '0'),
('9', '16', '', '1', '', '1', '0'),
('10', '17', '', '1', '', '1', '0'),
('11', '18', '', '1', '', '1', '0'),
('12', '20', '', '1', '', '1', '0'),
('13', '21', '', '1', '', '1', '0'),
('14', '22', '', '1', '', '1', '0'),
('15', '25', '', '1', '', '1', '0'),
('16', '26', '', '1', '', '1', '0'),
('17', '28', '', '1', '', '1', '0'),
('18', '29', '', '1', '', '1', '0'),
('19', '30', '', '1', '', '1', '0'),
('20', '32', '', '1', '', '1', '0'),
('21', '35', '', '1', '', '1', '0'),
('22', '40', '', '1', '', '1', '0');

### Structure of table `0_refs` ###

DROP TABLE IF EXISTS `0_refs`;

CREATE TABLE `0_refs` (
  `id` int(11) NOT NULL DEFAULT '0',
  `type` int(11) NOT NULL DEFAULT '0',
  `reference` varchar(100) NOT NULL DEFAULT '',
  PRIMARY KEY (`id`,`type`),
  KEY `Type_and_Reference` (`type`,`reference`)
) ENGINE=InnoDB ;

### Data of table `0_refs` ###


### Structure of table `0_sales_order_details` ###

DROP TABLE IF EXISTS `0_sales_order_details`;

CREATE TABLE `0_sales_order_details` (
  `id` int(11) NOT NULL AUTO_INCREMENT,
  `order_no` int(11) NOT NULL DEFAULT '0',
  `trans_type` smallint(6) NOT NULL DEFAULT '30',
  `stk_code` varchar(20) NOT NULL DEFAULT '',
  `description` tinytext,
  `qty_sent` double NOT NULL DEFAULT '0',
  `unit_price` double NOT NULL DEFAULT '0',
  `quantity` double NOT NULL DEFAULT '0',
  `invoiced` double NOT NULL DEFAULT '0',
  `discount_percent` double NOT NULL DEFAULT '0',
  PRIMARY KEY (`id`),
  KEY `sorder` (`trans_type`,`order_no`),
  KEY `stkcode` (`stk_code`)
) ENGINE=InnoDB ;

### Data of table `0_sales_order_details` ###


### Structure of table `0_sales_orders` ###

DROP TABLE IF EXISTS `0_sales_orders`;

CREATE TABLE `0_sales_orders` (
  `order_no` int(11) NOT NULL,
  `trans_type` smallint(6) NOT NULL DEFAULT '30',
  `version` tinyint(1) unsigned NOT NULL DEFAULT '0',
  `type` tinyint(1) NOT NULL DEFAULT '0',
  `debtor_no` int(11) NOT NULL DEFAULT '0',
  `branch_code` int(11) NOT NULL DEFAULT '0',
  `reference` varchar(100) NOT NULL DEFAULT '',
  `customer_ref` tinytext NOT NULL,
  `comments` tinytext,
  `ord_date` date NOT NULL DEFAULT '0000-00-00',
  `order_type` int(11) NOT NULL DEFAULT '0',
  `ship_via` int(11) NOT NULL DEFAULT '0',
  `delivery_address` tinytext NOT NULL,
  `contact_phone` varchar(30) DEFAULT NULL,
  `contact_email` varchar(100) DEFAULT NULL,
  `deliver_to` tinytext NOT NULL,
  `freight_cost` double NOT NULL DEFAULT '0',
  `from_stk_loc` varchar(5) NOT NULL DEFAULT '',
  `delivery_date` date NOT NULL DEFAULT '0000-00-00',
  `payment_terms` int(11) DEFAULT NULL,
  `total` double NOT NULL DEFAULT '0',
  `prep_amount` double NOT NULL DEFAULT '0',
  `alloc` double NOT NULL DEFAULT '0',
  PRIMARY KEY (`trans_type`,`order_no`)
) ENGINE=InnoDB ;

### Data of table `0_sales_orders` ###


### Structure of table `0_sales_pos` ###

DROP TABLE IF EXISTS `0_sales_pos`;

CREATE TABLE `0_sales_pos` (
  `id` smallint(6) unsigned NOT NULL AUTO_INCREMENT,
  `pos_name` varchar(30) NOT NULL,
  `cash_sale` tinyint(1) NOT NULL,
  `credit_sale` tinyint(1) NOT NULL,
  `pos_location` varchar(5) NOT NULL,
  `pos_account` smallint(6) unsigned NOT NULL,
  `inactive` tinyint(1) NOT NULL DEFAULT '0',
  PRIMARY KEY (`id`),
  UNIQUE KEY `pos_name` (`pos_name`)
) ENGINE=InnoDB AUTO_INCREMENT=2 ;

### Data of table `0_sales_pos` ###

INSERT INTO `0_sales_pos` VALUES
('1', 'Default', '1', '1', 'DEF', '1', '0');

### Structure of table `0_sales_types` ###

DROP TABLE IF EXISTS `0_sales_types`;

CREATE TABLE `0_sales_types` (
  `id` int(11) NOT NULL AUTO_INCREMENT,
  `sales_type` char(50) NOT NULL DEFAULT '',
  `tax_included` int(1) NOT NULL DEFAULT '0',
  `factor` double NOT NULL DEFAULT '1',
  `inactive` tinyint(1) NOT NULL DEFAULT '0',
  PRIMARY KEY (`id`),
  UNIQUE KEY `sales_type` (`sales_type`)
) ENGINE=InnoDB AUTO_INCREMENT=3 ;

### Data of table `0_sales_types` ###

INSERT INTO `0_sales_types` VALUES
('1', 'Slutkund', '1', '1', '0'),
('2', 'Återförsäljare', '0', '1', '0');

### Structure of table `0_salesman` ###

DROP TABLE IF EXISTS `0_salesman`;

CREATE TABLE `0_salesman` (
  `salesman_code` int(11) NOT NULL AUTO_INCREMENT,
  `salesman_name` char(60) NOT NULL DEFAULT '',
  `salesman_phone` char(30) NOT NULL DEFAULT '',
  `salesman_fax` char(30) NOT NULL DEFAULT '',
  `salesman_email` varchar(100) NOT NULL DEFAULT '',
  `provision` double NOT NULL DEFAULT '0',
  `break_pt` double NOT NULL DEFAULT '0',
  `provision2` double NOT NULL DEFAULT '0',
  `inactive` tinyint(1) NOT NULL DEFAULT '0',
  PRIMARY KEY (`salesman_code`),
  UNIQUE KEY `salesman_name` (`salesman_name`)
) ENGINE=InnoDB AUTO_INCREMENT=2 ;

### Data of table `0_salesman` ###

INSERT INTO `0_salesman` VALUES
('1', 'Supersäljaren', '', '', '', '0', '1000', '0', '0');

### Structure of table `0_security_roles` ###

DROP TABLE IF EXISTS `0_security_roles`;

CREATE TABLE `0_security_roles` (
  `id` int(11) NOT NULL AUTO_INCREMENT,
  `role` varchar(30) NOT NULL,
  `description` varchar(50) DEFAULT NULL,
  `sections` text,
  `areas` text,
  `inactive` tinyint(1) NOT NULL DEFAULT '0',
  PRIMARY KEY (`id`),
  UNIQUE KEY `role` (`role`)
) ENGINE=InnoDB AUTO_INCREMENT=11 ;

### Data of table `0_security_roles` ###

INSERT INTO `0_security_roles` VALUES
('1', 'Inquiries', 'Inquiries', '768;2816;3072;3328;5632;5888;8192;8448;10752;11008;13312;15872;16128', '257;258;259;260;513;514;515;516;517;518;519;520;521;522;523;524;525;773;774;2822;3073;3075;3076;3077;3329;3330;3331;3332;3333;3334;3335;5377;5633;5640;5889;5890;5891;7937;7938;7939;7940;8193;8194;8450;8451;10497;10753;11009;11010;11012;13313;13315;15617;15618;15619;15620;15621;15622;15623;15624;15625;15626;15873;15882;16129;16130;16131;16132;775', '0'),
('2', 'System Administrator', 'System Administrator', '256;512;768;2816;3072;3328;5376;5632;5888;7936;8192;8448;10496;10752;11008;13056;13312;15616;15872;16128', '257;258;259;260;513;514;515;516;517;518;519;520;521;522;523;524;525;526;769;770;771;772;773;774;2817;2818;2819;2820;2821;2822;2823;3073;3074;3082;3075;3076;3077;3078;3079;3080;3081;3329;3330;3331;3332;3333;3334;3335;5377;5633;5634;5635;5636;5637;5641;5638;5639;5640;5889;5890;5891;7937;7938;7939;7940;8193;8194;8195;8196;8197;8449;8450;8451;10497;10753;10754;10755;10756;10757;11009;11010;11011;11012;13057;13313;13314;13315;15617;15618;15619;15620;15621;15622;15623;15624;15628;15625;15626;15627;15873;15874;15875;15876;15877;15878;15879;15880;15883;15881;15882;16129;16130;16131;16132;775', '0'),
('3', 'Salesman', 'Salesman', '768;3072;5632;8192;15872', '773;774;3073;3075;3081;5633;8194;15873;775', '0'),
('4', 'Stock Manager', 'Stock Manager', '2816;3072;3328;5632;5888;8192;8448;10752;11008;13312;15872;16128;768', '775', '0'),
('5', 'Production Manager', 'Production Manager', '512;2816;3072;3328;5632;5888;8192;8448;10752;11008;13312;15616;15872;16128;768', '775', '0'),
('6', 'Purchase Officer', 'Purchase Officer', '512;2816;3072;3328;5376;5632;5888;8192;8448;10752;11008;13312;15616;15872;16128;768', '775', '0'),
('7', 'AR Officer', 'AR Officer', '512;768;2816;3072;3328;5632;5888;8192;8448;10752;11008;13312;15616;15872;16128', '521;523;524;771;773;774;2818;2819;2820;2821;2822;2823;3073;3073;3074;3075;3076;3077;3078;3079;3080;3081;3081;3329;3330;3330;3330;3331;3331;3332;3333;3334;3335;5633;5633;5634;5637;5638;5639;5640;5640;5889;5890;5891;8193;8194;8194;8196;8197;8450;8451;10753;10755;11009;11010;11012;13313;13315;15617;15619;15620;15621;15624;15624;15873;15876;15877;15878;15880;15882;16129;16130;16131;16132;775', '0'),
('8', 'AP Officer', 'AP Officer', '512;2816;3072;3328;5376;5632;5888;8192;8448;10752;11008;13312;15616;15872;16128;768', '775', '0'),
('9', 'Accountant', 'New Accountant', '512;768;2816;3072;3328;5376;5632;5888;8192;8448;10752;11008;13312;15616;15872;16128', '257;258;259;260;521;523;524;771;772;773;774;2818;2819;2820;2821;2822;2823;3073;3074;3075;3076;3077;3078;3079;3080;3081;3329;3330;3331;3332;3333;3334;3335;5377;5633;5634;5635;5637;5638;5639;5640;5889;5890;5891;7937;7938;7939;7940;8193;8194;8196;8197;8449;8450;8451;10497;10753;10755;11009;11010;11012;13313;13315;15617;15618;15619;15620;15621;15624;15873;15876;15877;15878;15880;15882;16129;16130;16131;16132;775', '0'),
('10', 'Sub Admin', 'Sub Admin', '512;768;2816;3072;3328;5376;5632;5888;8192;8448;10752;11008;13312;15616;15872;16128', '257;258;259;260;521;523;524;771;772;773;774;2818;2819;2820;2821;2822;2823;3073;3074;3082;3075;3076;3077;3078;3079;3080;3081;3329;3330;3331;3332;3333;3334;3335;5377;5633;5634;5635;5637;5638;5639;5640;5889;5890;5891;7937;7938;7939;7940;8193;8194;8196;8197;8449;8450;8451;10497;10753;10755;11009;11010;11012;13057;13313;13315;15617;15619;15620;15621;15624;15873;15874;15876;15877;15878;15879;15880;15882;16129;16130;16131;16132;775', '0');

### Structure of table `0_shippers` ###

DROP TABLE IF EXISTS `0_shippers`;

CREATE TABLE `0_shippers` (
  `shipper_id` int(11) NOT NULL AUTO_INCREMENT,
  `shipper_name` varchar(60) NOT NULL DEFAULT '',
  `phone` varchar(30) NOT NULL DEFAULT '',
  `phone2` varchar(30) NOT NULL DEFAULT '',
  `contact` tinytext NOT NULL,
  `address` tinytext NOT NULL,
  `inactive` tinyint(1) NOT NULL DEFAULT '0',
  PRIMARY KEY (`shipper_id`),
  UNIQUE KEY `name` (`shipper_name`)
) ENGINE=InnoDB AUTO_INCREMENT=2 ;

### Data of table `0_shippers` ###

INSERT INTO `0_shippers` VALUES
('1', 'Standard', '', '', '', '', '0');

### Structure of table `0_sql_trail` ###

DROP TABLE IF EXISTS `0_sql_trail`;

CREATE TABLE `0_sql_trail` (
  `id` int(11) unsigned NOT NULL AUTO_INCREMENT,
  `sql` text NOT NULL,
  `result` tinyint(1) NOT NULL,
  `msg` varchar(255) NOT NULL,
  PRIMARY KEY (`id`)
) ENGINE=InnoDB ;

### Data of table `0_sql_trail` ###


### Structure of table `0_stock_category` ###

DROP TABLE IF EXISTS `0_stock_category`;

CREATE TABLE `0_stock_category` (
  `category_id` int(11) NOT NULL AUTO_INCREMENT,
  `description` varchar(60) NOT NULL DEFAULT '',
  `inactive` tinyint(1) NOT NULL DEFAULT '0',
  `dflt_tax_type` int(11) NOT NULL DEFAULT '1',
  `dflt_units` varchar(20) NOT NULL DEFAULT 'each',
  `dflt_mb_flag` char(1) NOT NULL DEFAULT 'B',
  `dflt_sales_act` varchar(15) NOT NULL DEFAULT '',
  `dflt_cogs_act` varchar(15) NOT NULL DEFAULT '',
  `dflt_inventory_act` varchar(15) NOT NULL DEFAULT '',
  `dflt_adjustment_act` varchar(15) NOT NULL DEFAULT '',
  `dflt_wip_act` varchar(15) NOT NULL DEFAULT '',
  `dflt_dim1` int(11) DEFAULT NULL,
  `dflt_dim2` int(11) DEFAULT NULL,
  `dflt_no_sale` tinyint(1) NOT NULL DEFAULT '0',
  `dflt_no_purchase` tinyint(1) NOT NULL DEFAULT '0',
  PRIMARY KEY (`category_id`),
  UNIQUE KEY `description` (`description`)
) ENGINE=InnoDB AUTO_INCREMENT=5 ;

### Data of table `0_stock_category` ###

INSERT INTO `0_stock_category` VALUES
('1', 'Komponent', '0', '1', 'each', 'B', '3011', '4010', '1400', '1490', '1470', '0', '0', '0', '0'),
('2', 'Avgift', '0', '1', 'each', 'B', '3011', '4010', '1400', '1490', '1470', '0', '0', '0', '0'),
('3', 'System', '0', '1', 'each', 'B', '3011', '4010', '1400', '1490', '1470', '0', '0', '0', '0'),
('4', 'Tjänst', '0', '1', 'each', 'B', '3011', '4010', '1400', '1490', '1470', '0', '0', '0', '0');

### Structure of table `0_stock_fa_class` ###

DROP TABLE IF EXISTS `0_stock_fa_class`;

CREATE TABLE `0_stock_fa_class` (
  `fa_class_id` varchar(20) NOT NULL DEFAULT '',
  `parent_id` varchar(20) NOT NULL DEFAULT '',
  `description` varchar(200) NOT NULL DEFAULT '',
  `long_description` tinytext NOT NULL,
  `depreciation_rate` double NOT NULL DEFAULT '0',
  `inactive` tinyint(1) NOT NULL DEFAULT '0',
  PRIMARY KEY (`fa_class_id`)
) ENGINE=InnoDB ;

### Data of table `0_stock_fa_class` ###


### Structure of table `0_stock_master` ###

DROP TABLE IF EXISTS `0_stock_master`;

CREATE TABLE `0_stock_master` (
  `stock_id` varchar(20) NOT NULL DEFAULT '',
  `category_id` int(11) NOT NULL DEFAULT '0',
  `tax_type_id` int(11) NOT NULL DEFAULT '0',
  `description` varchar(200) NOT NULL DEFAULT '',
  `long_description` tinytext NOT NULL,
  `units` varchar(20) NOT NULL DEFAULT 'each',
  `mb_flag` char(1) NOT NULL DEFAULT 'B',
  `sales_account` varchar(15) NOT NULL DEFAULT '',
  `cogs_account` varchar(15) NOT NULL DEFAULT '',
  `inventory_account` varchar(15) NOT NULL DEFAULT '',
  `adjustment_account` varchar(15) NOT NULL DEFAULT '',
  `wip_account` varchar(15) NOT NULL DEFAULT '',
  `dimension_id` int(11) DEFAULT NULL,
  `dimension2_id` int(11) DEFAULT NULL,
  `purchase_cost` double NOT NULL DEFAULT '0',
  `material_cost` double NOT NULL DEFAULT '0',
  `labour_cost` double NOT NULL DEFAULT '0',
  `overhead_cost` double NOT NULL DEFAULT '0',
  `inactive` tinyint(1) NOT NULL DEFAULT '0',
  `no_sale` tinyint(1) NOT NULL DEFAULT '0',
  `no_purchase` tinyint(1) NOT NULL DEFAULT '0',
  `editable` tinyint(1) NOT NULL DEFAULT '0',
  `depreciation_method` char(1) NOT NULL DEFAULT 'S',
  `depreciation_rate` double NOT NULL DEFAULT '0',
  `depreciation_factor` double NOT NULL DEFAULT '0',
  `depreciation_start` date NOT NULL DEFAULT '0000-00-00',
  `depreciation_date` date NOT NULL DEFAULT '0000-00-00',
  `fa_class_id` varchar(20) NOT NULL DEFAULT '',
  PRIMARY KEY (`stock_id`)
) ENGINE=InnoDB ;

### Data of table `0_stock_master` ###


### Structure of table `0_stock_moves` ###

DROP TABLE IF EXISTS `0_stock_moves`;

CREATE TABLE `0_stock_moves` (
  `trans_id` int(11) NOT NULL AUTO_INCREMENT,
  `trans_no` int(11) NOT NULL DEFAULT '0',
  `stock_id` char(20) NOT NULL DEFAULT '',
  `type` smallint(6) NOT NULL DEFAULT '0',
  `loc_code` char(5) NOT NULL DEFAULT '',
  `tran_date` date NOT NULL DEFAULT '0000-00-00',
  `price` double NOT NULL DEFAULT '0',
  `reference` char(40) NOT NULL DEFAULT '',
  `qty` double NOT NULL DEFAULT '1',
  `standard_cost` double NOT NULL DEFAULT '0',
  PRIMARY KEY (`trans_id`),
  KEY `type` (`type`,`trans_no`),
  KEY `Move` (`stock_id`,`loc_code`,`tran_date`)
) ENGINE=InnoDB ;

### Data of table `0_stock_moves` ###


### Structure of table `0_supp_allocations` ###

DROP TABLE IF EXISTS `0_supp_allocations`;

CREATE TABLE `0_supp_allocations` (
  `id` int(11) NOT NULL AUTO_INCREMENT,
  `person_id` int(11) DEFAULT NULL,
  `amt` double unsigned DEFAULT NULL,
  `date_alloc` date NOT NULL DEFAULT '0000-00-00',
  `trans_no_from` int(11) DEFAULT NULL,
  `trans_type_from` int(11) DEFAULT NULL,
  `trans_no_to` int(11) DEFAULT NULL,
  `trans_type_to` int(11) DEFAULT NULL,
  PRIMARY KEY (`id`),
  UNIQUE KEY `person_id` (`person_id`,`trans_type_from`,`trans_no_from`,`trans_type_to`,`trans_no_to`),
  KEY `From` (`trans_type_from`,`trans_no_from`),
  KEY `To` (`trans_type_to`,`trans_no_to`)
) ENGINE=InnoDB ;

### Data of table `0_supp_allocations` ###


### Structure of table `0_supp_invoice_items` ###

DROP TABLE IF EXISTS `0_supp_invoice_items`;

CREATE TABLE `0_supp_invoice_items` (
  `id` int(11) NOT NULL AUTO_INCREMENT,
  `supp_trans_no` int(11) DEFAULT NULL,
  `supp_trans_type` int(11) DEFAULT NULL,
  `gl_code` varchar(15) NOT NULL DEFAULT '',
  `grn_item_id` int(11) DEFAULT NULL,
  `po_detail_item_id` int(11) DEFAULT NULL,
  `stock_id` varchar(20) NOT NULL DEFAULT '',
  `description` tinytext,
  `quantity` double NOT NULL DEFAULT '0',
  `unit_price` double NOT NULL DEFAULT '0',
  `unit_tax` double NOT NULL DEFAULT '0',
  `memo_` tinytext,
  `dimension_id` int(11) NOT NULL DEFAULT '0',
  `dimension2_id` int(11) NOT NULL DEFAULT '0',
  PRIMARY KEY (`id`),
  KEY `Transaction` (`supp_trans_type`,`supp_trans_no`,`stock_id`)
) ENGINE=InnoDB ;

### Data of table `0_supp_invoice_items` ###


### Structure of table `0_supp_trans` ###

DROP TABLE IF EXISTS `0_supp_trans`;

CREATE TABLE `0_supp_trans` (
  `trans_no` int(11) unsigned NOT NULL DEFAULT '0',
  `type` smallint(6) unsigned NOT NULL DEFAULT '0',
  `supplier_id` int(11) unsigned NOT NULL DEFAULT '0',
  `reference` tinytext NOT NULL,
  `supp_reference` varchar(60) NOT NULL DEFAULT '',
  `tran_date` date NOT NULL DEFAULT '0000-00-00',
  `due_date` date NOT NULL DEFAULT '0000-00-00',
  `ov_amount` double NOT NULL DEFAULT '0',
  `ov_discount` double NOT NULL DEFAULT '0',
  `ov_gst` double NOT NULL DEFAULT '0',
  `rate` double NOT NULL DEFAULT '1',
  `alloc` double NOT NULL DEFAULT '0',
  `tax_included` tinyint(1) NOT NULL DEFAULT '0',
  PRIMARY KEY (`type`,`trans_no`,`supplier_id`),
  KEY `supplier_id` (`supplier_id`),
  KEY `tran_date` (`tran_date`)
) ENGINE=InnoDB ;

### Data of table `0_supp_trans` ###


### Structure of table `0_suppliers` ###

DROP TABLE IF EXISTS `0_suppliers`;

CREATE TABLE `0_suppliers` (
  `supplier_id` int(11) NOT NULL AUTO_INCREMENT,
  `supp_name` varchar(60) NOT NULL DEFAULT '',
  `address` tinytext NOT NULL,
  `supp_address` tinytext NOT NULL,
  `gst_no` varchar(25) NOT NULL DEFAULT '',
  `contact` varchar(60) NOT NULL DEFAULT '',
  `supp_account_no` varchar(40) NOT NULL DEFAULT '',
  `website` varchar(100) NOT NULL DEFAULT '',
  `bank_account` varchar(60) NOT NULL DEFAULT '',
  `curr_code` char(3) DEFAULT NULL,
  `payment_terms` int(11) DEFAULT NULL,
  `tax_included` tinyint(1) NOT NULL DEFAULT '0',
  `dimension_id` int(11) DEFAULT '0',
  `dimension2_id` int(11) DEFAULT '0',
  `tax_group_id` int(11) DEFAULT NULL,
  `credit_limit` double NOT NULL DEFAULT '0',
  `purchase_account` varchar(15) NOT NULL DEFAULT '',
  `payable_account` varchar(15) NOT NULL DEFAULT '',
  `payment_discount_account` varchar(15) NOT NULL DEFAULT '',
  `notes` tinytext NOT NULL,
  `inactive` tinyint(1) NOT NULL DEFAULT '0',
  `supp_ref` varchar(30) NOT NULL,
  PRIMARY KEY (`supplier_id`),
  KEY `supp_ref` (`supp_ref`)
) ENGINE=InnoDB ;

### Data of table `0_suppliers` ###


### Structure of table `0_sys_prefs` ###

DROP TABLE IF EXISTS `0_sys_prefs`;

CREATE TABLE `0_sys_prefs` (
  `name` varchar(35) NOT NULL DEFAULT '',
  `category` varchar(30) DEFAULT NULL,
  `type` varchar(20) NOT NULL DEFAULT '',
  `length` smallint(6) DEFAULT NULL,
  `value` text NOT NULL,
  PRIMARY KEY (`name`),
  KEY `category` (`category`)
) ENGINE=InnoDB ;

### Data of table `0_sys_prefs` ###

INSERT INTO `0_sys_prefs` VALUES
('accounts_alpha', 'glsetup.general', 'tinyint', '1', '0'),
('accumulate_shipping', 'glsetup.customer', 'tinyint', '1', '0'),
('add_pct', 'setup.company', 'int', '5', '-1'),
('allow_negative_prices', 'glsetup.inventory', 'tinyint', '1', '1'),
('allow_negative_stock', 'glsetup.inventory', 'tinyint', '1', '0'),
('alternative_tax_include_on_docs', 'setup.company', 'tinyint', '1', '0'),
('auto_curr_reval', 'setup.company', 'smallint', '6', '1'),
('bank_charge_act', 'glsetup.general', 'varchar', '15', '4010'),
('base_sales', 'setup.company', 'int', '11', '-1'),
('bcc_email', 'setup.company', 'varchar', '100', ''),
('coy_logo', 'setup.company', 'varchar', '100', ''),
('coy_name', 'setup.company', 'varchar', '60', 'Företagsnamn'),
('coy_no', 'setup.company', 'varchar', '25', ''),
('creditors_act', 'glsetup.purchase', 'varchar', '15', '2440'),
('curr_default', 'setup.company', 'char', '3', 'SEK'),
('debtors_act', 'glsetup.sales', 'varchar', '15', '1510'),
('default_adj_act', 'glsetup.items', 'varchar', '15', '1490'),
('default_cogs_act', 'glsetup.items', 'varchar', '15', '4010'),
('default_credit_limit', 'glsetup.customer', 'int', '11', '1000'),
('default_delivery_required', 'glsetup.sales', 'smallint', '6', '1'),
('default_dim_required', 'glsetup.dims', 'int', '11', '20'),
('default_inv_sales_act', 'glsetup.items', 'varchar', '15', '3011'),
('default_inventory_act', 'glsetup.items', 'varchar', '15', '1400'),
('default_loss_on_asset_disposal_act', 'glsetup.items', 'varchar', '15', '5660'),
('default_prompt_payment_act', 'glsetup.sales', 'varchar', '15', '3700'),
('default_quote_valid_days', 'glsetup.sales', 'smallint', '6', '30'),
('default_receival_required', 'glsetup.purchase', 'smallint', '6', '10'),
('default_sales_act', 'glsetup.sales', 'varchar', '15', '3011'),
('default_sales_discount_act', 'glsetup.sales', 'varchar', '15', '3700'),
('default_wip_act', 'glsetup.items', 'varchar', '15', '1470'),
('default_workorder_required', 'glsetup.manuf', 'int', '11', '20'),
('deferred_income_act', 'glsetup.sales', 'varchar', '15', ''),
('depreciation_period', 'glsetup.company', 'tinyint', '1', '1'),
('domicile', 'setup.company', 'varchar', '55', ''),
('email', 'setup.company', 'varchar', '100', ''),
('exchange_diff_act', 'glsetup.general', 'varchar', '15', '3700'),
('f_year', 'setup.company', 'int', '11', '1'),
('fax', 'setup.company', 'varchar', '30', ''),
('freight_act', 'glsetup.customer', 'varchar', '15', '3520'),
('gl_closing_date', 'setup.closing_date', 'date', '8', ''),
('grn_clearing_act', 'glsetup.purchase', 'varchar', '15', '0'),
('gst_no', 'setup.company', 'varchar', '25', ''),
('legal_text', 'glsetup.customer', 'tinytext', '0', ''),
('loc_notification', 'glsetup.inventory', 'tinyint', '1', '0'),
('login_tout', 'setup.company', 'smallint', '6', '600'),
('no_customer_list', 'setup.company', 'tinyint', '1', '0'),
('no_item_list', 'setup.company', 'tinyint', '1', '0'),
('no_supplier_list', 'setup.company', 'tinyint', '1', '0'),
('no_zero_lines_amount', 'glsetup.sales', 'tinyint', '1', '1'),
('past_due_days', 'glsetup.general', 'int', '11', '30'),
('phone', 'setup.company', 'varchar', '30', ''),
('po_over_charge', 'glsetup.purchase', 'int', '11', '10'),
('po_over_receive', 'glsetup.purchase', 'int', '11', '10'),
('postal_address', 'setup.company', 'tinytext', '0', 'N/A'),
('print_invoice_no', 'glsetup.sales', 'tinyint', '1', '0'),
('print_item_images_on_quote', 'glsetup.inventory', 'tinyint', '1', '0'),
('profit_loss_year_act', 'glsetup.general', 'varchar', '15', '9990'),
('pyt_discount_act', 'glsetup.purchase', 'varchar', '15', '4700'),
('ref_no_auto_increase','setup.company', 'tinyint', 1, '0'),
('retained_earnings_act', 'glsetup.general', 'varchar', '15', '3600'),
('round_to', 'setup.company', 'int', '5', '1'),
('show_po_item_codes', 'glsetup.purchase', 'tinyint', '1', '0'),
('suppress_tax_rates', 'setup.company', 'tinyint', '1', '0'),
('tax_algorithm', 'glsetup.customer', 'tinyint', '1', '1'),
('tax_last', 'setup.company', 'int', '11', '1'),
('tax_prd', 'setup.company', 'int', '11', '1'),
('time_zone', 'setup.company', 'tinyint', '1', '0'),
('use_dimension', 'setup.company', 'tinyint', '1', '1'),
('use_fixed_assets', 'setup.company', 'tinyint', '1', '1'),
('use_manufacturing', 'setup.company', 'tinyint', '1', '1'),
('version_id', 'system', 'varchar', '11', '2.4.1');


### Structure of table `0_tag_associations` ###

DROP TABLE IF EXISTS `0_tag_associations`;

CREATE TABLE `0_tag_associations` (
  `record_id` varchar(15) NOT NULL,
  `tag_id` int(11) NOT NULL,
  UNIQUE KEY `record_id` (`record_id`,`tag_id`)
) ENGINE=InnoDB ;

### Data of table `0_tag_associations` ###


### Structure of table `0_tags` ###

DROP TABLE IF EXISTS `0_tags`;

CREATE TABLE `0_tags` (
  `id` int(11) NOT NULL AUTO_INCREMENT,
  `type` smallint(6) NOT NULL,
  `name` varchar(30) NOT NULL,
  `description` varchar(60) DEFAULT NULL,
  `inactive` tinyint(1) NOT NULL DEFAULT '0',
  PRIMARY KEY (`id`),
  UNIQUE KEY `type` (`type`,`name`)
) ENGINE=InnoDB ;

### Data of table `0_tags` ###


### Structure of table `0_tax_group_items` ###

DROP TABLE IF EXISTS `0_tax_group_items`;

CREATE TABLE `0_tax_group_items` (
  `tax_group_id` int(11) NOT NULL DEFAULT '0',
  `tax_type_id` int(11) NOT NULL DEFAULT '0',
  `tax_shipping` tinyint(1) NOT NULL DEFAULT '0',
  PRIMARY KEY (`tax_group_id`,`tax_type_id`)
) ENGINE=InnoDB ;

### Data of table `0_tax_group_items` ###

INSERT INTO `0_tax_group_items` VALUES
('1', '1', '0'),
('2', '2', '0');

### Structure of table `0_tax_groups` ###

DROP TABLE IF EXISTS `0_tax_groups`;

CREATE TABLE `0_tax_groups` (
  `id` int(11) NOT NULL AUTO_INCREMENT,
  `name` varchar(60) NOT NULL DEFAULT '',
  `inactive` tinyint(1) NOT NULL DEFAULT '0',
  PRIMARY KEY (`id`),
  UNIQUE KEY `name` (`name`)
) ENGINE=InnoDB AUTO_INCREMENT=3 ;

### Data of table `0_tax_groups` ###

INSERT INTO `0_tax_groups` VALUES
('1', 'Normal moms', '0'),
('2', 'Frakt', '0');

### Structure of table `0_tax_types` ###

DROP TABLE IF EXISTS `0_tax_types`;

CREATE TABLE `0_tax_types` (
  `id` int(11) NOT NULL AUTO_INCREMENT,
  `rate` double NOT NULL DEFAULT '0',
  `sales_gl_code` varchar(15) NOT NULL DEFAULT '',
  `purchasing_gl_code` varchar(15) NOT NULL DEFAULT '',
  `name` varchar(60) NOT NULL DEFAULT '',
  `inactive` tinyint(1) NOT NULL DEFAULT '0',
  PRIMARY KEY (`id`),
  UNIQUE KEY `name` (`name`,`rate`)
) ENGINE=InnoDB AUTO_INCREMENT=2 ;

### Data of table `0_tax_types` ###

INSERT INTO `0_tax_types` VALUES
('1', '25', '2610', '2640', 'Moms', '0');

### Structure of table `0_trans_tax_details` ###

DROP TABLE IF EXISTS `0_trans_tax_details`;

CREATE TABLE `0_trans_tax_details` (
  `id` int(11) NOT NULL AUTO_INCREMENT,
  `trans_type` smallint(6) DEFAULT NULL,
  `trans_no` int(11) DEFAULT NULL,
  `tran_date` date NOT NULL,
  `tax_type_id` int(11) NOT NULL DEFAULT '0',
  `rate` double NOT NULL DEFAULT '0',
  `ex_rate` double NOT NULL DEFAULT '1',
  `included_in_price` tinyint(1) NOT NULL DEFAULT '0',
  `net_amount` double NOT NULL DEFAULT '0',
  `amount` double NOT NULL DEFAULT '0',
  `memo` tinytext,
  `reg_type` tinyint(1) DEFAULT NULL,
  PRIMARY KEY (`id`),
  KEY `Type_and_Number` (`trans_type`,`trans_no`),
  KEY `tran_date` (`tran_date`)
) ENGINE=InnoDB ;

### Data of table `0_trans_tax_details` ###


### Structure of table `0_useronline` ###

DROP TABLE IF EXISTS `0_useronline`;

CREATE TABLE `0_useronline` (
  `id` int(11) NOT NULL AUTO_INCREMENT,
  `timestamp` int(15) NOT NULL DEFAULT '0',
  `ip` varchar(40) NOT NULL DEFAULT '',
  `file` varchar(100) NOT NULL DEFAULT '',
  PRIMARY KEY (`id`),
  KEY `timestamp` (`timestamp`),
  KEY `ip` (`ip`)
) ENGINE=InnoDB ;

### Data of table `0_useronline` ###


### Structure of table `0_users` ###

DROP TABLE IF EXISTS `0_users`;

CREATE TABLE `0_users` (
  `id` smallint(6) NOT NULL AUTO_INCREMENT,
  `user_id` varchar(60) NOT NULL DEFAULT '',
  `password` varchar(100) NOT NULL DEFAULT '',
  `real_name` varchar(100) NOT NULL DEFAULT '',
  `role_id` int(11) NOT NULL DEFAULT '1',
  `phone` varchar(30) NOT NULL DEFAULT '',
  `email` varchar(100) DEFAULT NULL,
  `language` varchar(20) DEFAULT NULL,
  `date_format` tinyint(1) NOT NULL DEFAULT '0',
  `date_sep` tinyint(1) NOT NULL DEFAULT '0',
  `tho_sep` tinyint(1) NOT NULL DEFAULT '0',
  `dec_sep` tinyint(1) NOT NULL DEFAULT '0',
  `theme` varchar(20) NOT NULL DEFAULT 'default',
  `page_size` varchar(20) NOT NULL DEFAULT 'A4',
  `prices_dec` smallint(6) NOT NULL DEFAULT '2',
  `qty_dec` smallint(6) NOT NULL DEFAULT '2',
  `rates_dec` smallint(6) NOT NULL DEFAULT '4',
  `percent_dec` smallint(6) NOT NULL DEFAULT '1',
  `show_gl` tinyint(1) NOT NULL DEFAULT '1',
  `show_codes` tinyint(1) NOT NULL DEFAULT '0',
  `show_hints` tinyint(1) NOT NULL DEFAULT '0',
  `last_visit_date` datetime DEFAULT NULL,
  `query_size` tinyint(1) unsigned NOT NULL DEFAULT '10',
  `graphic_links` tinyint(1) DEFAULT '1',
  `pos` smallint(6) DEFAULT '1',
  `print_profile` varchar(30) NOT NULL DEFAULT '1',
  `rep_popup` tinyint(1) DEFAULT '1',
  `sticky_doc_date` tinyint(1) DEFAULT '0',
  `startup_tab` varchar(20) NOT NULL DEFAULT 'orders',
  `transaction_days` int(6) NOT NULL DEFAULT '30' COMMENT 'Transaction days',
  `save_report_selections` smallint(6) NOT NULL DEFAULT '0' COMMENT 'Save Report Selection Days',
  `use_date_picker` tinyint(1) NOT NULL DEFAULT '1' COMMENT 'Use Date Picker for all Date Values',
  `def_print_destination` tinyint(1) NOT NULL DEFAULT '0' COMMENT 'Default Report Destination',
  `def_print_orientation` tinyint(1) NOT NULL DEFAULT '0' COMMENT 'Default Report Orientation',
  `inactive` tinyint(1) NOT NULL DEFAULT '0',
  PRIMARY KEY (`id`),
  UNIQUE KEY `user_id` (`user_id`)
) ENGINE=InnoDB AUTO_INCREMENT=2 ;

### Data of table `0_users` ###

INSERT INTO `0_users` VALUES
('1', 'admin', '5f4dcc3b5aa765d61d8327deb882cf99', 'Administrator', '2', '', NULL, 'sv_SE', '2', '2', '1', '1', 'default', 'A4', '2', '2', '4', '1', '1', '0', '0', '2007-07-09 04:17:57', '10', '1', '1', '1', '1', '0', 'orders', '30', '0', '1', '0', '0', '0');

### Structure of table `0_voided` ###

DROP TABLE IF EXISTS `0_voided`;

CREATE TABLE `0_voided` (
  `type` int(11) NOT NULL DEFAULT '0',
  `id` int(11) NOT NULL DEFAULT '0',
  `date_` date NOT NULL DEFAULT '0000-00-00',
  `memo_` tinytext NOT NULL,
  UNIQUE KEY `id` (`type`,`id`)
) ENGINE=InnoDB ;

### Data of table `0_voided` ###


### Structure of table `0_wo_costing` ###

DROP TABLE IF EXISTS `0_wo_costing`;

CREATE TABLE `0_wo_costing` (
  `id` int(11) NOT NULL AUTO_INCREMENT,
  `workorder_id` int(11) NOT NULL DEFAULT '0',
  `cost_type` tinyint(1) NOT NULL DEFAULT '0',
  `trans_type` int(11) NOT NULL DEFAULT '0',
  `trans_no` int(11) NOT NULL DEFAULT '0',
  `factor` double NOT NULL DEFAULT '1',
  PRIMARY KEY (`id`)
) ENGINE=InnoDB ;

### Data of table `0_wo_costing` ###


### Structure of table `0_wo_issue_items` ###

DROP TABLE IF EXISTS `0_wo_issue_items`;

CREATE TABLE `0_wo_issue_items` (
  `id` int(11) NOT NULL AUTO_INCREMENT,
  `stock_id` varchar(40) DEFAULT NULL,
  `issue_id` int(11) DEFAULT NULL,
  `qty_issued` double DEFAULT NULL,
  `unit_cost` double NOT NULL DEFAULT '0',
  PRIMARY KEY (`id`)
) ENGINE=InnoDB ;

### Data of table `0_wo_issue_items` ###


### Structure of table `0_wo_issues` ###

DROP TABLE IF EXISTS `0_wo_issues`;

CREATE TABLE `0_wo_issues` (
  `issue_no` int(11) NOT NULL AUTO_INCREMENT,
  `workorder_id` int(11) NOT NULL DEFAULT '0',
  `reference` varchar(100) DEFAULT NULL,
  `issue_date` date DEFAULT NULL,
  `loc_code` varchar(5) DEFAULT NULL,
  `workcentre_id` int(11) DEFAULT NULL,
  PRIMARY KEY (`issue_no`),
  KEY `workorder_id` (`workorder_id`)
) ENGINE=InnoDB ;

### Data of table `0_wo_issues` ###


### Structure of table `0_wo_manufacture` ###

DROP TABLE IF EXISTS `0_wo_manufacture`;

CREATE TABLE `0_wo_manufacture` (
  `id` int(11) NOT NULL AUTO_INCREMENT,
  `reference` varchar(100) DEFAULT NULL,
  `workorder_id` int(11) NOT NULL DEFAULT '0',
  `quantity` double NOT NULL DEFAULT '0',
  `date_` date NOT NULL DEFAULT '0000-00-00',
  PRIMARY KEY (`id`),
  KEY `workorder_id` (`workorder_id`)
) ENGINE=InnoDB ;

### Data of table `0_wo_manufacture` ###


### Structure of table `0_wo_requirements` ###

DROP TABLE IF EXISTS `0_wo_requirements`;

CREATE TABLE `0_wo_requirements` (
  `id` int(11) NOT NULL AUTO_INCREMENT,
  `workorder_id` int(11) NOT NULL DEFAULT '0',
  `stock_id` char(20) NOT NULL DEFAULT '',
  `workcentre` int(11) NOT NULL DEFAULT '0',
  `units_req` double NOT NULL DEFAULT '1',
  `unit_cost` double NOT NULL DEFAULT '0',
  `loc_code` char(5) NOT NULL DEFAULT '',
  `units_issued` double NOT NULL DEFAULT '0',
  PRIMARY KEY (`id`),
  KEY `workorder_id` (`workorder_id`)
) ENGINE=InnoDB ;

### Data of table `0_wo_requirements` ###


### Structure of table `0_workcentres` ###

DROP TABLE IF EXISTS `0_workcentres`;

CREATE TABLE `0_workcentres` (
  `id` int(11) NOT NULL AUTO_INCREMENT,
  `name` char(40) NOT NULL DEFAULT '',
  `description` char(50) NOT NULL DEFAULT '',
  `inactive` tinyint(1) NOT NULL DEFAULT '0',
  PRIMARY KEY (`id`),
  UNIQUE KEY `name` (`name`)
) ENGINE=InnoDB ;

### Data of table `0_workcentres` ###


### Structure of table `0_workorders` ###

DROP TABLE IF EXISTS `0_workorders`;

CREATE TABLE `0_workorders` (
  `id` int(11) NOT NULL AUTO_INCREMENT,
  `wo_ref` varchar(60) NOT NULL DEFAULT '',
  `loc_code` varchar(5) NOT NULL DEFAULT '',
  `units_reqd` double NOT NULL DEFAULT '1',
  `stock_id` varchar(20) NOT NULL DEFAULT '',
  `date_` date NOT NULL DEFAULT '0000-00-00',
  `type` tinyint(4) NOT NULL DEFAULT '0',
  `required_by` date NOT NULL DEFAULT '0000-00-00',
  `released_date` date NOT NULL DEFAULT '0000-00-00',
  `units_issued` double NOT NULL DEFAULT '0',
  `closed` tinyint(1) NOT NULL DEFAULT '0',
  `released` tinyint(1) NOT NULL DEFAULT '0',
  `additional_costs` double NOT NULL DEFAULT '0',
  PRIMARY KEY (`id`),
  UNIQUE KEY `wo_ref` (`wo_ref`)
) ENGINE=InnoDB ;

### Data of table `0_workorders` ###
